State,City,Vehicle_Count,Manufacturer_Count,Model_Count,Avg_Range,Median_Range,Avg_MSRP,State_Share_%
AK,Eagle River,1,1,1,0.0,0.0,0.0,100.0
AL,Mobile,1,1,1,0.0,0.0,0.0,33.33333333333333
AL,Pelham,1,1,1,0.0,0.0,0.0,33.33333333333333
AL,Smiths Station,1,1,1,220.0,220.0,0.0,33.33333333333333
AP,Seattle,1,1,1,75.0,75.0,0.0,100.0
AR,Little Rock,2,2,2,236.0,236.0,0.0,100.0
AZ,Anthem,1,1,1,0.0,0.0,0.0,9.090909090909092
AZ,Chandler,1,1,1,0.0,0.0,0.0,9.090909090909092
AZ,Goodyear,1,1,1,41.0,41.0,0.0,9.090909090909092
AZ,Mesa,1,1,1,0.0,0.0,0.0,9.090909090909092
AZ,Phoenix,3,2,3,94.33333333333333,75.0,0.0,27.27272727272727
AZ,Scottsdale,1,1,1,9.0,9.0,0.0,9.090909090909092
AZ,Sedona,1,1,1,25.0,25.0,0.0,9.090909090909092
AZ,Tempe,2,2,2,23.5,23.5,0.0,18.181818181818183
BC,Seattle,2,1,2,220.0,220.0,49475.0,100.0
CA,Alameda,1,1,1,0.0,0.0,0.0,1.0869565217391304
CA,Alhambra,1,1,1,210.0,210.0,0.0,1.0869565217391304
CA,Apple Valley,1,1,1,19.0,19.0,0.0,1.0869565217391304
CA,Benicia,1,1,1,0.0,0.0,0.0,1.0869565217391304
CA,Berkeley,2,1,1,110.0,110.0,0.0,2.1739130434782608
CA,Buena Park,3,2,2,6.333333333333333,0.0,0.0,3.260869565217391
CA,Camarillo,1,1,1,32.0,32.0,0.0,1.0869565217391304
CA,Chula Vista,4,1,2,66.5,0.0,0.0,4.3478260869565215
CA,Coronado,1,1,1,19.0,19.0,0.0,1.0869565217391304
CA,Cupertino,2,1,1,215.0,215.0,0.0,2.1739130434782608
CA,Fort Irwin,1,1,1,0.0,0.0,0.0,1.0869565217391304
CA,Fremont,1,1,1,0.0,0.0,0.0,1.0869565217391304
CA,Gardena,1,1,1,19.0,19.0,0.0,1.0869565217391304
CA,Huntington Beach,1,1,1,0.0,0.0,0.0,1.0869565217391304
CA,Indio,1,1,1,208.0,208.0,69900.0,1.0869565217391304
CA,Irvine,2,2,2,12.5,12.5,0.0,2.1739130434782608
CA,Lakewood,1,1,1,6.0,6.0,0.0,1.0869565217391304
CA,Lemoore,4,3,3,56.25,58.0,0.0,4.3478260869565215
CA,Lompoc,1,1,1,0.0,0.0,0.0,1.0869565217391304
CA,Long Beach,1,1,1,38.0,38.0,0.0,1.0869565217391304
CA,Los Angeles,3,2,3,75.66666666666667,19.0,23300.0,3.260869565217391
CA,Menifee,2,1,2,0.0,0.0,0.0,2.1739130434782608
CA,Monterey,1,1,1,42.0,42.0,0.0,1.0869565217391304
CA,Moraga,1,1,1,42.0,42.0,0.0,1.0869565217391304
CA,Mountain View,1,1,1,30.0,30.0,0.0,1.0869565217391304
CA,Napa,1,1,1,16.0,16.0,0.0,1.0869565217391304
CA,Newport Beach,1,1,1,215.0,215.0,0.0,1.0869565217391304
CA,Oceanside,4,3,4,124.75,126.0,0.0,4.3478260869565215
CA,Palo Alto,1,1,1,0.0,0.0,0.0,1.0869565217391304
CA,Pittsburg,2,2,2,10.0,10.0,22050.0,2.1739130434782608
CA,Port Hueneme,1,1,1,32.0,32.0,0.0,1.0869565217391304
CA,Ridgecrest,1,1,1,19.0,19.0,0.0,1.0869565217391304
CA,Rosamond,1,1,1,100.0,100.0,0.0,1.0869565217391304
CA,Roseville,1,1,1,220.0,220.0,0.0,1.0869565217391304
CA,Sacramento,4,1,2,147.0,133.0,0.0,4.3478260869565215
CA,San Clemente,1,1,1,0.0,0.0,0.0,1.0869565217391304
CA,San Diego,14,5,9,93.78571428571429,36.5,0.0,15.217391304347828
CA,San Jose,5,3,4,78.4,42.0,0.0,5.434782608695652
CA,San Rafael,1,1,1,26.0,26.0,0.0,1.0869565217391304
CA,Santa Ana,1,1,1,215.0,215.0,0.0,1.0869565217391304
CA,Santa Clara,2,1,1,0.0,0.0,0.0,2.1739130434782608
CA,Santa Cruz,1,1,1,215.0,215.0,0.0,1.0869565217391304
CA,Santa Rosa,1,1,1,47.0,47.0,0.0,1.0869565217391304
CA,Seaside,1,1,1,0.0,0.0,0.0,1.0869565217391304
CA,Sonoma,1,1,1,125.0,125.0,0.0,1.0869565217391304
CA,Tracy,1,1,1,32.0,32.0,0.0,1.0869565217391304
CA,Travis Afb,2,1,2,0.0,0.0,0.0,2.1739130434782608
CA,Twentynine Palms,1,1,1,0.0,0.0,0.0,1.0869565217391304
CA,Vacaville,2,2,2,0.0,0.0,0.0,2.1739130434782608
CA,Ventura,1,1,1,0.0,0.0,0.0,1.0869565217391304
CA,Wildomar,1,1,1,215.0,215.0,0.0,1.0869565217391304
CO,Aurora,1,1,1,0.0,0.0,0.0,9.090909090909092
CO,Colorado Springs,4,3,4,111.0,57.0,0.0,36.36363636363637
CO,Englewood,2,1,2,11.0,11.0,0.0,18.181818181818183
CO,Longmont,2,2,2,158.5,158.5,0.0,18.181818181818183
CO,Timnath,1,1,1,215.0,215.0,0.0,9.090909090909092
CO,Trinidad,1,1,1,0.0,0.0,0.0,9.090909090909092
CT,Madison,2,2,2,26.0,26.0,0.0,28.57142857142857
CT,Mystic,1,1,1,322.0,322.0,0.0,14.285714285714285
CT,Old Lyme,1,1,1,38.0,38.0,0.0,14.285714285714285
CT,Pawcatuck,2,2,2,33.5,33.5,0.0,28.57142857142857
CT,Waterford,1,1,1,42.0,42.0,0.0,14.285714285714285
DC,Washington,5,2,4,152.8,151.0,0.0,100.0
DE,Dover,1,1,1,0.0,0.0,0.0,100.0
FL,Fort Lauderdale,1,1,1,291.0,291.0,0.0,11.11111111111111
FL,Highland Beach,1,1,1,0.0,0.0,0.0,11.11111111111111
FL,Lithia,1,1,1,42.0,42.0,0.0,11.11111111111111
FL,Miami,1,1,1,291.0,291.0,0.0,11.11111111111111
FL,Naples,1,1,1,200.0,200.0,0.0,11.11111111111111
FL,Pensacola,1,1,1,29.0,29.0,0.0,11.11111111111111
FL,Sarasota,1,1,1,220.0,220.0,0.0,11.11111111111111
FL,Tampa,1,1,1,38.0,38.0,0.0,11.11111111111111
FL,Winter Park,1,1,1,0.0,0.0,0.0,11.11111111111111
GA,Augusta,1,1,1,19.0,19.0,0.0,20.0
GA,Conyers,1,1,1,0.0,0.0,0.0,20.0
GA,Decatur,1,1,1,84.0,84.0,0.0,20.0
GA,Suwanee,1,1,1,266.0,266.0,0.0,20.0
GA,Warner Robins,1,1,1,215.0,215.0,0.0,20.0
HI,Ewa Beach,1,1,1,25.0,25.0,0.0,12.5
HI,Honolulu,3,3,3,99.0,21.0,0.0,37.5
HI,Kailua,1,1,1,238.0,238.0,0.0,12.5
HI,Kailua Kona,1,1,1,208.0,208.0,0.0,12.5
HI,Kekaha,1,1,1,22.0,22.0,0.0,12.5
HI,Kihei,1,1,1,215.0,215.0,0.0,12.5
ID,Mountain Home Afb,1,1,1,0.0,0.0,0.0,50.0
ID,Worley,1,1,1,0.0,0.0,0.0,50.0
IL,Arlington Heights,1,1,1,0.0,0.0,0.0,8.333333333333332
IL,Belleville,1,1,1,322.0,322.0,0.0,8.333333333333332
IL,Burr Ridge,1,1,1,14.0,14.0,0.0,8.333333333333332
IL,Champaign,1,1,1,220.0,220.0,0.0,8.333333333333332
IL,Chicago,1,1,1,84.0,84.0,0.0,8.333333333333332
IL,Evanston,1,1,1,29.0,29.0,0.0,8.333333333333332
IL,Highland Park,1,1,1,215.0,215.0,0.0,8.333333333333332
IL,Libertyville,2,1,1,0.0,0.0,0.0,16.666666666666664
IL,Rock Island,1,1,1,32.0,32.0,39995.0,8.333333333333332
IL,Saint Jacob,1,1,1,215.0,215.0,0.0,8.333333333333332
IL,Skokie,1,1,1,0.0,0.0,0.0,8.333333333333332
IN,Fort Wayne,1,1,1,210.0,210.0,0.0,50.0
IN,Hobart,1,1,1,21.0,21.0,0.0,50.0
KS,Lansing,1,1,1,14.0,14.0,0.0,50.0
KS,Wichita,1,1,1,0.0,0.0,0.0,50.0
KY,Elizabethtown,1,1,1,0.0,0.0,0.0,33.33333333333333
KY,Fort Knox,1,1,1,0.0,0.0,0.0,33.33333333333333
KY,Goshen,1,1,1,33.0,33.0,0.0,33.33333333333333
LA,Belle Chasse,1,1,1,0.0,0.0,0.0,33.33333333333333
LA,Leesville,1,1,1,0.0,0.0,0.0,33.33333333333333
LA,Slidell,1,1,1,0.0,0.0,0.0,33.33333333333333
MA,Bedford,1,1,1,53.0,53.0,0.0,33.33333333333333
MA,Chelmsford,1,1,1,0.0,0.0,0.0,33.33333333333333
MA,Hanscom Afb,1,1,1,0.0,0.0,0.0,33.33333333333333
MD,Andrews Air Force Base,1,1,1,291.0,291.0,0.0,3.0303030303030303
MD,Annapolis,1,1,1,0.0,0.0,0.0,3.0303030303030303
MD,Arnold,1,1,1,0.0,0.0,0.0,3.0303030303030303
MD,Bethesda,1,1,1,200.0,200.0,0.0,3.0303030303030303
MD,Chesapeake Beach,2,2,2,16.5,16.5,0.0,6.0606060606060606
MD,Chevy Chase,1,1,1,0.0,0.0,0.0,3.0303030303030303
MD,Dayton,1,1,1,53.0,53.0,0.0,3.0303030303030303
MD,Edgewater,1,1,1,200.0,200.0,0.0,3.0303030303030303
MD,Edgewood,1,1,1,25.0,25.0,0.0,3.0303030303030303
MD,Ellicott City,1,1,1,18.0,18.0,0.0,3.0303030303030303
MD,Fort George G Meade,2,1,2,0.0,0.0,0.0,6.0606060606060606
MD,Fort Washington,1,1,1,0.0,0.0,0.0,3.0303030303030303
MD,Frederick,1,1,1,84.0,84.0,0.0,3.0303030303030303
MD,Gaithersburg,2,2,2,114.5,114.5,0.0,6.0606060606060606
MD,Gambrills,1,1,1,47.0,47.0,0.0,3.0303030303030303
MD,Hanover,1,1,1,0.0,0.0,0.0,3.0303030303030303
MD,Hughesville,1,1,1,33.0,33.0,102000.0,3.0303030303030303
MD,Keedysville,1,1,1,0.0,0.0,0.0,3.0303030303030303
MD,Kensington,1,1,1,42.0,42.0,0.0,3.0303030303030303
MD,Lexington Park,1,1,1,215.0,215.0,0.0,3.0303030303030303
MD,Middletown,1,1,1,42.0,42.0,0.0,3.0303030303030303
MD,Odenton,2,2,2,36.0,36.0,0.0,6.0606060606060606
MD,Potomac,1,1,1,32.0,32.0,0.0,3.0303030303030303
MD,Silver Spring,2,2,2,21.0,21.0,0.0,6.0606060606060606
MD,Upper Marlboro,2,2,2,108.0,108.0,0.0,6.0606060606060606
MD,Waldorf,1,1,1,0.0,0.0,0.0,3.0303030303030303
MD,Westminster,1,1,1,19.0,19.0,0.0,3.0303030303030303
MN,Minneapolis,1,1,1,220.0,220.0,0.0,100.0
MO,Platte City,2,1,2,145.5,145.5,0.0,50.0
MO,Rayville,1,1,1,16.0,16.0,0.0,25.0
MO,Saint Louis,1,1,1,322.0,322.0,0.0,25.0
MS,Biloxi,1,1,1,0.0,0.0,0.0,100.0
MT,Billings,1,1,1,22.0,22.0,0.0,100.0
NC,Asheboro,1,1,1,215.0,215.0,0.0,7.6923076923076925
NC,Chapel Hill,1,1,1,26.0,26.0,0.0,7.6923076923076925
NC,Fayetteville,2,2,2,7.0,7.0,0.0,15.384615384615385
NC,Mccutcheon Field,1,1,1,26.0,26.0,0.0,7.6923076923076925
NC,Moyock,1,1,1,0.0,0.0,0.0,7.6923076923076925
NC,Raeford,2,1,2,0.0,0.0,0.0,15.384615384615385
NC,Sanford,1,1,1,0.0,0.0,0.0,7.6923076923076925
NC,Southern Pines,1,1,1,33.0,33.0,0.0,7.6923076923076925
NC,Spring Lake,3,1,2,71.66666666666667,0.0,0.0,23.076923076923077
NE,Bellevue,1,1,1,0.0,0.0,0.0,33.33333333333333
NE,Omaha,2,2,2,127.5,127.5,0.0,66.66666666666666
NH,Portsmouth,1,1,1,308.0,308.0,0.0,100.0
NJ,Avalon,1,1,1,38.0,38.0,0.0,11.11111111111111
NJ,Bloomfield,1,1,1,0.0,0.0,0.0,11.11111111111111
NJ,Haddonfield,1,1,1,29.0,29.0,0.0,11.11111111111111
NJ,Jersey City,1,1,1,220.0,220.0,0.0,11.11111111111111
NJ,Joint Base Mdl,1,1,1,25.0,25.0,0.0,11.11111111111111
NJ,Lumberton,2,1,2,204.0,204.0,34950.0,22.22222222222222
NJ,Medford,1,1,1,25.0,25.0,0.0,11.11111111111111
NJ,Newark,1,1,1,0.0,0.0,0.0,11.11111111111111
NV,Las Vegas,5,2,4,104.0,19.0,0.0,83.33333333333334
NV,Laughlin,1,1,1,38.0,38.0,0.0,16.666666666666664
NY,Felts Mills,1,1,1,19.0,19.0,0.0,14.285714285714285
NY,Greenfield Center,1,1,1,200.0,200.0,0.0,14.285714285714285
NY,Kingston,1,1,1,93.0,93.0,31950.0,14.285714285714285
NY,Saratoga Springs,1,1,1,42.0,42.0,0.0,14.285714285714285
NY,Staten Island,1,1,1,0.0,0.0,0.0,14.285714285714285
NY,Watertown,2,1,2,107.5,107.5,0.0,28.57142857142857
OH,Cincinnati,2,2,2,0.0,0.0,0.0,100.0
OR,Bend,1,1,1,0.0,0.0,0.0,12.5
OR,Corvallis,1,1,1,0.0,0.0,0.0,12.5
OR,Eugene,1,1,1,22.0,22.0,0.0,12.5
OR,Lincoln City,1,1,1,25.0,25.0,0.0,12.5
OR,Portland,1,1,1,14.0,14.0,90700.0,12.5
OR,Redmond,1,1,1,238.0,238.0,0.0,12.5
OR,Salem,1,1,1,42.0,42.0,0.0,12.5
OR,Springfield,1,1,1,6.0,6.0,0.0,12.5
PA,Mechanicsburg,1,1,1,0.0,0.0,0.0,50.0
PA,Philadelphia,1,1,1,0.0,0.0,0.0,50.0
SC,Charleston Afb,3,3,3,17.0,19.0,0.0,50.0
SC,Okatie,1,1,1,0.0,0.0,0.0,16.666666666666664
SC,Summerville,2,2,2,26.5,26.5,0.0,33.33333333333333
TX,Austin,1,1,1,0.0,0.0,0.0,5.0
TX,Corpus Christi,2,2,2,173.5,173.5,0.0,10.0
TX,Dallas,1,1,1,0.0,0.0,0.0,5.0
TX,Dickinson,1,1,1,26.0,26.0,0.0,5.0
TX,El Paso,2,1,2,205.0,205.0,0.0,10.0
TX,Gatesville,1,1,1,0.0,0.0,0.0,5.0
TX,Killeen,1,1,1,0.0,0.0,0.0,5.0
TX,La Vernia,1,1,1,19.0,19.0,0.0,5.0
TX,Plano,2,2,2,53.5,53.5,0.0,10.0
TX,Prosper,1,1,1,0.0,0.0,0.0,5.0
TX,Round Rock,1,1,1,17.0,17.0,34995.0,5.0
TX,San Antonio,3,3,3,15.333333333333334,21.0,0.0,15.0
TX,Southlake,1,1,1,220.0,220.0,0.0,5.0
TX,Wichita Falls,2,1,2,207.5,207.5,0.0,10.0
UT,Salt Lake City,2,2,2,132.0,132.0,0.0,100.0
VA,Aldie,2,1,2,0.0,0.0,0.0,5.714285714285714
VA,Alexandria,7,6,7,47.857142857142854,20.0,0.0,20.0
VA,Burke,2,2,2,122.5,122.5,0.0,5.714285714285714
VA,Charlottesville,1,1,1,35.0,35.0,0.0,2.857142857142857
VA,Chesapeake,3,2,3,107.33333333333333,38.0,0.0,8.571428571428571
VA,Fredericksburg,1,1,1,220.0,220.0,0.0,2.857142857142857
VA,Henrico,1,1,1,32.0,32.0,0.0,2.857142857142857
VA,Herndon,1,1,1,0.0,0.0,0.0,2.857142857142857
VA,Newport News,1,1,1,210.0,210.0,0.0,2.857142857142857
VA,Norfolk,3,3,3,126.0,38.0,0.0,8.571428571428571
VA,Portsmouth,1,1,1,19.0,19.0,0.0,2.857142857142857
VA,Sandston,1,1,1,19.0,19.0,0.0,2.857142857142857
VA,Springfield,1,1,1,84.0,84.0,0.0,2.857142857142857
VA,Stafford,2,1,1,0.0,0.0,0.0,5.714285714285714
VA,Suffolk,1,1,1,215.0,215.0,0.0,2.857142857142857
VA,Vienna,1,1,1,42.0,42.0,0.0,2.857142857142857
VA,Virginia Beach,5,4,5,73.0,32.0,0.0,14.285714285714285
VA,Williamsburg,1,1,1,38.0,38.0,0.0,2.857142857142857
WA,Aberdeen,130,19,38,70.1923076923077,26.0,3195.769230769231,0.08658527650675032
WA,Acme,7,4,6,80.42857142857143,26.0,0.0,0.004662284119594248
WA,Addy,2,2,2,12.5,12.5,0.0,0.001332081177026928
WA,Airway Heights,22,10,14,87.0909090909091,36.5,0.0,0.014652892947296207
WA,Alderdale,1,1,1,0.0,0.0,0.0,0.000666040588513464
WA,Algona,28,8,13,71.46428571428571,25.0,0.0,0.01864913647837699
WA,Allyn,60,16,27,74.96666666666667,25.5,1925.0,0.03996243531080784
WA,Amanda Park,3,2,3,6.333333333333333,0.0,0.0,0.001998121765540392
WA,Amboy,17,10,12,67.29411764705883,25.0,0.0,0.011322690004728889
WA,Anacortes,617,28,74,69.21555915721231,21.0,1307.131280388979,0.4109470431128073
WA,Anderson Island,33,13,18,71.63636363636364,22.0,4751.515151515152,0.02197933942094431
WA,Ariel,14,7,10,41.142857142857146,19.0,4992.857142857143,0.009324568239188495
WA,Arlington,489,24,63,69.14314928425358,19.0,1365.4396728016359,0.3256938477830839
WA,Artondale,2,1,1,119.0,119.0,0.0,0.001332081177026928
WA,Ashford,10,6,8,101.5,38.0,0.0,0.00666040588513464
WA,Asotin,10,6,8,97.0,63.0,6990.0,0.00666040588513464
WA,Auburn,1632,27,84,57.880514705882355,0.0,1373.893995098039,1.0869782404539734
WA,Bainbridge Island,1566,30,89,72.01724137931035,22.0,2237.946998722861,1.0430195616120848
WA,Baring,3,2,3,141.0,208.0,23300.0,0.001998121765540392
WA,Battle Ground,479,24,62,66.06054279749478,21.0,1048.4342379958246,0.31903344189794924
WA,Bay Center,1,1,1,25.0,25.0,0.0,0.000666040588513464
WA,Beaux Arts,45,14,20,61.84444444444444,16.0,1553.3333333333333,0.02997182648310588
WA,Beaver,1,1,1,38.0,38.0,0.0,0.000666040588513464
WA,Belfair,133,21,39,77.99248120300751,19.0,1420.3007518796992,0.08858339827229071
WA,Bell Hill,1,1,1,0.0,0.0,0.0,0.000666040588513464
WA,Bellevue,7690,32,108,72.08660598179453,0.0,1551.0689206762029,5.121852125668538
WA,Bellingham,2531,33,96,72.52311339391545,32.0,1308.344527854603,1.6857487295275773
WA,Benton City,54,15,26,88.38888888888889,40.0,1109.2592592592594,0.035966191779727055
WA,Bingen,3,3,3,79.33333333333333,0.0,0.0,0.001998121765540392
WA,Black Diamond,324,24,48,54.51543209876543,0.0,1528.3950617283951,0.21579715067836236
WA,Blaine,353,24,62,71.76203966005666,25.0,2488.229461756374,0.2351123277452528
WA,Bonney Lake,815,28,73,61.40736196319018,0.0,721.9570552147239,0.5428230796384732
WA,Bothell,4861,31,99,61.18885003085785,0.0,696.2497428512652,3.2376233007639486
WA,Bow,91,17,31,81.10989010989012,33.0,1120.8791208791208,0.06060969355472523
WA,Bremerton,1028,29,81,62.84824902723735,21.0,1389.1488326848248,0.684689724991841
WA,Brewster,13,3,5,74.07692307692308,0.0,0.0,0.008658527650675032
WA,Bridgeport,1,1,1,0.0,0.0,0.0,0.000666040588513464
WA,Bridgeport Bar,1,1,1,220.0,220.0,0.0,0.000666040588513464
WA,Brier,181,20,46,74.27624309392266,30.0,2561.546961325967,0.120553346520937
WA,Brinnon,21,6,9,63.285714285714285,0.0,0.0,0.013986852358782744
WA,Brush Prairie,244,19,45,76.3811475409836,25.0,2788.7295081967213,0.1625139035972852
WA,Buckley,199,22,45,58.08040201005025,19.0,1279.6482412060302,0.13254207711417934
WA,Bucoda,1,1,1,75.0,75.0,0.0,0.000666040588513464
WA,Burbank,10,5,7,63.2,25.0,0.0,0.00666040588513464
WA,Burien,736,26,69,69.0366847826087,19.0,1476.7527173913043,0.4902058731459096
WA,Burlington,135,18,38,56.022222222222226,19.0,3038.4814814814813,0.08991547944931765
WA,Bz Corner,6,5,5,90.66666666666667,34.0,0.0,0.003996243531080784
WA,Camano Island,411,22,55,77.27250608272506,19.0,2000.7299270072992,0.2737426818790337
WA,Camas,1347,29,89,66.93392724573125,18.0,1321.2249443207127,0.8971566727276361
WA,Carbonado,5,4,5,105.0,0.0,0.0,0.00333020294256732
WA,Carlton,6,5,6,10.166666666666666,3.0,0.0,0.003996243531080784
WA,Carnation,305,24,57,65.7672131147541,14.0,2866.377049180328,0.20314237949660652
WA,Carson,17,9,13,67.11764705882354,19.0,0.0,0.011322690004728889
WA,Cashmere,55,13,22,59.763636363636365,19.0,0.0,0.03663223236824052
WA,Castle Rock,62,16,24,78.61290322580645,10.0,3141.1290322580644,0.04129451648783477
WA,Cathlamet,38,11,21,59.5,22.0,2891.9736842105262,0.02530954236351163
WA,Centerville,1,1,1,238.0,238.0,0.0,0.000666040588513464
WA,Centralia,210,19,38,59.41904761904762,32.0,542.8571428571429,0.13986852358782745
WA,Chattaroy,25,10,14,80.84,37.0,0.0,0.0166510147128366
WA,Chehalis,180,20,42,72.18888888888888,25.0,1553.3333333333333,0.11988730593242353
WA,Chelan,146,17,29,82.62328767123287,15.5,1231.472602739726,0.09724192592296575
WA,Cheney,133,18,43,70.85714285714286,25.0,1178.9473684210527,0.08858339827229071
WA,Chewelah,19,7,12,56.1578947368421,35.0,3678.9473684210525,0.012654771181755816
WA,Chimacum,29,9,15,50.62068965517241,19.0,0.0,0.019315177066890454
WA,Chinook,3,3,3,92.66666666666667,42.0,0.0,0.001998121765540392
WA,Cinebar,3,2,3,19.666666666666668,21.0,0.0,0.001998121765540392
WA,Clallam Bay,1,1,1,93.0,93.0,31950.0,0.000666040588513464
WA,Clarkston,53,15,24,56.320754716981135,25.0,602.8301886792453,0.035300151191213595
WA,Clayton,3,2,3,46.666666666666664,38.0,0.0,0.001998121765540392
WA,Cle Elum,172,20,42,79.83720930232558,0.0,1625.5813953488373,0.11455898122431582
WA,Clearlake,3,3,3,104.66666666666667,75.0,0.0,0.001998121765540392
WA,Clinton,188,20,44,85.36170212765957,38.0,488.56382978723406,0.12521563064053123
WA,Clyde Hill,292,19,42,89.8972602739726,0.0,2413.3561643835615,0.1944838518459315
WA,Colbert,90,15,28,79.13333333333334,25.0,0.0,0.05994365296621176
WA,Colfax,19,6,10,77.63157894736842,53.0,0.0,0.012654771181755816
WA,College Place,48,12,20,63.208333333333336,18.0,0.0,0.031969948248646275
WA,Colton,1,1,1,0.0,0.0,0.0,0.000666040588513464
WA,Colville,46,15,22,44.0,20.0,0.0,0.03063786707161935
WA,Concrete,28,8,11,85.82142857142857,25.0,0.0,0.01864913647837699
WA,Connell,7,3,5,81.14285714285714,20.0,0.0,0.004662284119594248
WA,Copalis Beach,1,1,1,215.0,215.0,0.0,0.000666040588513464
WA,Copalis Crossing,2,2,2,42.0,42.0,0.0,0.001332081177026928
WA,Cosmopolis,11,5,8,34.45454545454545,0.0,0.0,0.007326446473648104
WA,Cougar,2,2,2,7.0,7.0,0.0,0.001332081177026928
WA,Coulee City,9,3,6,48.22222222222222,0.0,0.0,0.005994365296621176
WA,Coulee Dam,2,2,2,110.0,110.0,0.0,0.001332081177026928
WA,Coupeville,197,21,42,84.30456852791878,33.0,740.8629441624365,0.1312099959371524
WA,Covington,474,24,61,60.77426160337553,0.0,1249.8945147679324,0.31570323895538194
WA,Cowiche,5,3,3,54.6,0.0,0.0,0.00333020294256732
WA,Creston,1,1,1,42.0,42.0,0.0,0.000666040588513464
WA,Curlew,6,3,4,47.833333333333336,0.0,0.0,0.003996243531080784
WA,Curtis,5,4,4,85.8,25.0,0.0,0.00333020294256732
WA,Cusick,3,3,3,33.333333333333336,32.0,0.0,0.001998121765540392
WA,Custer,25,10,14,85.24,38.0,2796.0,0.0166510147128366
WA,Dallesport,6,4,4,119.5,123.5,0.0,0.003996243531080784
WA,Danville,1,1,1,215.0,215.0,0.0,0.000666040588513464
WA,Darrington,10,4,6,116.0,116.5,0.0,0.00666040588513464
WA,Davenport,10,8,9,18.6,18.0,5495.0,0.00666040588513464
WA,Dayton,18,5,9,65.61111111111111,0.0,3883.3333333333335,0.011988730593242352
WA,Deer Harbor,1,1,1,238.0,238.0,0.0,0.000666040588513464
WA,Deer Meadows,2,2,2,164.5,164.5,0.0,0.001332081177026928
WA,Deer Park,58,15,25,79.1896551724138,29.5,2208.6206896551726,0.03863035413378091
WA,Deming,26,8,13,62.73076923076923,33.5,2688.4615384615386,0.017317055301350064
WA,Des Moines,425,23,59,56.27764705882353,14.0,1062.1176470588234,0.2830672501182222
WA,Dryden,1,1,1,0.0,0.0,0.0,0.000666040588513464
WA,Dupont,167,21,42,53.65868263473054,18.0,1006.2874251497007,0.11122877828174849
WA,Duvall,498,23,59,73.0582329317269,18.5,844.4678714859438,0.3316882130797051
WA,East Wenatchee,224,19,40,74.36607142857143,20.5,2028.950892857143,0.14919309182701593
WA,Easton,20,6,9,102.45,36.5,3495.0,0.01332081177026928
WA,Eastsound,260,21,49,86.48461538461538,78.5,2066.923076923077,0.17317055301350065
WA,Eatonville,107,17,33,56.570093457943926,21.0,1355.0934579439252,0.07126634297094064
WA,Edgewood,255,21,45,54.62352941176471,0.0,1310.9607843137255,0.16984035007093332
WA,Edmonds,1590,31,90,69.33396226415094,21.0,1724.8364779874214,1.059004535736408
WA,Edwall,4,4,4,96.25,73.0,7987.5,0.002664162354053856
WA,Elbe,2,1,2,0.0,0.0,0.0,0.001332081177026928
WA,Electric City,4,4,4,85.75,27.0,0.0,0.002664162354053856
WA,Elk,22,8,13,93.18181818181819,36.5,0.0,0.014652892947296207
WA,Ellensburg,232,24,45,66.83189655172414,19.0,947.1551724137931,0.15452141653512363
WA,Elma,51,13,25,65.66666666666667,22.0,864.7058823529412,0.03396807001418667
WA,Eltopia,5,4,5,15.6,19.0,0.0,0.00333020294256732
WA,Endicott,2,2,2,55.0,55.0,0.0,0.001332081177026928
WA,Entiat,21,5,10,106.23809523809524,38.0,0.0,0.013986852358782744
WA,Enumclaw,282,23,47,70.19503546099291,21.0,1135.6382978723404,0.18782344596079686
WA,Ephrata,48,13,21,57.458333333333336,23.0,0.0,0.031969948248646275
WA,Ethel,7,4,5,63.857142857142854,25.0,0.0,0.004662284119594248
WA,Evans,5,2,2,68.2,38.0,0.0,0.00333020294256732
WA,Everett,2043,30,87,58.91483113069016,14.0,1161.076847772883,1.360720922333007
WA,Everson,72,15,28,78.65277777777777,40.0,2413.8194444444443,0.04795492237296941
WA,Fairchild Air Force Base,12,5,6,79.25,53.0,0.0,0.007992487062161569
WA,Fall City,202,20,46,88.23762376237623,27.5,1212.1287128712872,0.13454019887971974
WA,Federal Way,1207,28,84,57.72908036454018,0.0,1014.4987572493786,0.8039109903357511
WA,Ferndale,293,26,57,64.5938566552901,26.0,2052.2013651877132,0.19514989243444497
WA,Fife,118,16,30,54.152542372881356,0.0,2203.3898305084745,0.07859278944458875
WA,Fircrest,109,18,34,60.642201834862384,14.0,2596.743119266055,0.07259842414796758
WA,Ford,3,2,3,165.33333333333334,220.0,0.0,0.001998121765540392
WA,Forks,13,8,10,95.3076923076923,19.0,0.0,0.008658527650675032
WA,Fox Island,164,20,49,67.60975609756098,20.5,1844.7560975609756,0.10923065651620809
WA,Frances,2,2,2,158.0,158.0,0.0,0.001332081177026928
WA,Freeland,167,18,46,73.47305389221557,26.0,2723.053892215569,0.11122877828174849
WA,Friday Harbor,397,24,62,92.7103274559194,73.0,2471.410579345088,0.26441811363984524
WA,Fruitland,1,1,1,238.0,238.0,0.0,0.000666040588513464
WA,Garfield,4,4,4,66.25,28.5,0.0,0.002664162354053856
WA,Gifford,1,1,1,84.0,84.0,0.0,0.000666040588513464
WA,Gig Harbor,1672,30,89,71.41088516746412,17.0,1711.6208133971293,1.1136198639945118
WA,Glacier,14,9,11,40.357142857142854,0.0,0.0,0.009324568239188495
WA,Glenoma,3,3,3,99.66666666666667,47.0,0.0,0.001998121765540392
WA,Glenwood,2,2,2,9.5,9.5,0.0,0.001332081177026928
WA,Gold Bar,50,16,25,89.82,34.5,3435.0,0.0333020294256732
WA,Goldendale,30,9,16,70.8,22.0,0.0,0.01998121765540392
WA,Graham,267,23,60,67.22846441947566,22.0,1624.7191011235955,0.1778328371330949
WA,Grand Coulee,3,2,2,63.666666666666664,72.0,0.0,0.001998121765540392
WA,Grandview,20,8,12,119.75,33.5,0.0,0.01332081177026928
WA,Granger,7,5,7,80.28571428571429,19.0,0.0,0.004662284119594248
WA,Granite Falls,133,13,28,67.45864661654136,21.0,1576.6917293233082,0.08858339827229071
WA,Grapeview,54,12,20,63.53703703703704,18.5,2274.074074074074,0.035966191779727055
WA,Grayland,7,5,6,49.57142857142857,21.0,0.0,0.004662284119594248
WA,Grays River,1,1,1,259.0,259.0,0.0,0.000666040588513464
WA,Greenacres,102,13,32,54.72549019607843,14.0,1504.4117647058824,0.06793614002837334
WA,Greenbank,59,15,26,71.35593220338983,18.0,1726.2711864406779,0.039296394722294375
WA,Hamilton,1,1,1,0.0,0.0,0.0,0.000666040588513464
WA,Hansville,61,17,27,61.31147540983606,26.0,0.0,0.0406284758993213
WA,Harrington,3,3,3,133.33333333333334,87.0,0.0,0.001998121765540392
WA,Hartline,1,1,1,0.0,0.0,0.0,0.000666040588513464
WA,Hatton,1,1,1,266.0,266.0,0.0,0.000666040588513464
WA,Hoodsport,41,11,18,105.63414634146342,53.0,1704.878048780488,0.02730766412905202
WA,Hoquiam,51,13,20,63.03921568627451,25.0,0.0,0.03396807001418667
WA,Hunters,2,2,2,182.0,182.0,0.0,0.001332081177026928
WA,Hunts Point,51,8,17,123.6470588235294,192.0,17743.13725490196,0.03396807001418667
WA,Husum,15,6,10,105.73333333333333,18.0,0.0,0.00999060882770196
WA,Ilwaco,15,7,12,66.0,32.0,0.0,0.00999060882770196
WA,Inchelium,2,1,2,107.5,107.5,0.0,0.001332081177026928
WA,Incorporated,1,1,1,0.0,0.0,0.0,0.000666040588513464
WA,Index,2,2,2,0.0,0.0,0.0,0.001332081177026928
WA,Indianola,53,12,19,79.69811320754717,38.0,0.0,0.035300151191213595
WA,Ione,1,1,1,26.0,26.0,0.0,0.000666040588513464
WA,Issaquah,2365,31,96,73.0985200845666,0.0,1097.7758985200846,1.5751859918343423
WA,Joint Base Lewis Mcchord,76,14,24,32.88157894736842,0.0,0.0,0.05061908472702326
WA,Kalama,101,22,37,64.3069306930693,18.0,0.0,0.06727009943985987
WA,Kapowsin,2,2,2,63.0,63.0,0.0,0.001332081177026928
WA,Keller,1,1,1,0.0,0.0,0.0,0.000666040588513464
WA,Kelso,140,17,36,78.20714285714286,25.0,2496.4285714285716,0.09324568239188497
WA,Kenmore,880,27,77,73.30113636363636,19.0,1485.6136363636363,0.5861157178918484
WA,Kenn,1,1,1,0.0,0.0,0.0,0.000666040588513464
WA,Kennewick,733,28,74,72.32469304229195,25.0,1369.781718963165,0.4882077513803691
WA,Kent,2276,30,92,55.94068541300527,0.0,1256.9178383128294,1.5159083794566441
WA,Kettle Falls,23,6,11,98.3913043478261,38.0,0.0,0.015318933535809674
WA,Keyport,9,7,9,72.88888888888889,53.0,0.0,0.005994365296621176
WA,Kingston,232,21,51,80.29741379310344,33.0,2028.0172413793102,0.15452141653512363
WA,Kirkland,4622,31,103,76.47511899610558,6.0,1574.3325400259628,3.0784396001092307
WA,Kittitas,6,5,6,17.833333333333332,0.0,0.0,0.003996243531080784
WA,Klickitat,1,1,1,25.0,25.0,0.0,0.000666040588513464
WA,La Center,153,20,39,77.40522875816994,29.0,208.8235294117647,0.10190421004255999
WA,La Conner,78,15,27,70.28205128205128,14.0,409.61538461538464,0.05195116590405019
WA,Lacey,778,28,71,61.83419023136247,19.0,1139.582262210797,0.518179577863475
WA,Lacrosse,1,1,1,0.0,0.0,0.0,0.000666040588513464
WA,Lake Forest Park,598,26,66,73.52842809364549,22.0,1121.1538461538462,0.3982922719310515
WA,Lake Stevens,1052,30,82,61.620722433460074,0.0,1713.8688212927757,0.7006746991161642
WA,Lake Tapps,278,22,51,75.2158273381295,19.0,1831.6546762589928,0.185159283606743
WA,Lakebay,88,15,32,65.32954545454545,19.0,1588.6363636363637,0.05861157178918483
WA,Lakeview,2,1,2,23.0,23.0,0.0,0.001332081177026928
WA,Lakewood,631,29,76,61.115689381933436,16.0,1574.6592709984152,0.42027161135199576
WA,Lamont,1,1,1,25.0,25.0,0.0,0.000666040588513464
WA,Langley,221,20,45,85.24886877828054,35.0,1471.4932126696833,0.14719497006147553
WA,Latah,1,1,1,210.0,210.0,0.0,0.000666040588513464
WA,Leavenworth,204,18,38,81.74509803921569,25.0,3034.0686274509803,0.13587228005674667
WA,Lebam,1,1,1,0.0,0.0,0.0,0.000666040588513464
WA,Liberty Lake,184,22,48,51.90760869565217,12.0,907.0652173913044,0.1225514682864774
WA,Lilliwaup,8,3,5,138.625,208.0,8737.5,0.005328324708107712
WA,Lincoln,3,3,3,7.0,0.0,0.0,0.001998121765540392
WA,Lind,2,2,2,16.0,16.0,0.0,0.001332081177026928
WA,Long Beach,36,10,19,71.66666666666667,26.0,1783.3333333333333,0.023977461186484705
WA,Longbranch,14,7,9,68.35714285714286,19.0,2628.5714285714284,0.009324568239188495
WA,Longview,304,24,56,66.03947368421052,22.0,757.7302631578947,0.20247633890809305
WA,Loon Lake,13,7,9,72.07692307692308,21.0,0.0,0.008658527650675032
WA,Lopez Is,3,2,2,61.333333333333336,75.0,0.0,0.001998121765540392
WA,Lopez Island,111,20,37,83.09909909909909,68.0,1214.8648648648648,0.0739305053249945
WA,Lummi Island,38,12,21,81.55263157894737,29.0,0.0,0.02530954236351163
WA,Lyle,19,10,15,58.473684210526315,6.0,5736.8421052631575,0.012654771181755816
WA,Lyman,1,1,1,38.0,38.0,0.0,0.000666040588513464
WA,Lynden,187,20,45,61.032085561497325,13.0,1329.6524064171124,0.12454959005201777
WA,Lynnwood,2210,27,84,56.277828054298645,0.0,1073.4524886877828,1.4719497006147555
WA,Mabton,9,3,4,122.88888888888889,32.0,0.0,0.005994365296621176
WA,Malaga,23,7,11,117.56521739130434,75.0,6078.260869565217,0.015318933535809674
WA,Malott,1,1,1,73.0,73.0,0.0,0.000666040588513464
WA,Mansfield,2,2,2,0.0,0.0,0.0,0.001332081177026928
WA,Manson,59,15,25,89.59322033898304,25.0,0.0,0.039296394722294375
WA,Maple Falls,25,7,13,73.88,53.0,4074.0,0.0166510147128366
WA,Maple Valley,1161,27,78,60.46856158484066,0.0,1455.1248923341946,0.7732731232641318
WA,Marblemount,2,2,2,37.0,37.0,0.0,0.001332081177026928
WA,Marlin,3,1,2,71.66666666666667,0.0,0.0,0.001998121765540392
WA,Maryhill,1,1,1,42.0,42.0,0.0,0.000666040588513464
WA,Marysville,955,28,73,65.0848167539267,6.0,1254.8638743455497,0.6360687620303581
WA,Mattawa,21,8,13,80.61904761904762,19.0,0.0,0.013986852358782744
WA,Mazama,19,10,14,98.52631578947368,20.0,0.0,0.012654771181755816
WA,McCleary,1,1,1,21.0,21.0,0.0,0.000666040588513464
WA,Mcchord Afb,2,1,1,25.0,25.0,0.0,0.001332081177026928
WA,Mccleary,29,8,12,38.58620689655172,6.0,0.0,0.019315177066890454
WA,Mead,56,14,22,76.25,32.0,0.0,0.03729827295675398
WA,Medical Lake,54,12,23,66.75925925925925,33.0,1886.111111111111,0.035966191779727055
WA,Medina,301,19,41,99.05980066445183,17.0,3413.12292358804,0.20047821714255265
WA,Menlo,6,5,6,26.0,25.5,0.0,0.003996243531080784
WA,Mercer Island,2083,31,93,83.38550168026885,18.0,1994.6135381661065,1.3873625458735455
WA,Mesa,6,4,5,59.166666666666664,43.5,0.0,0.003996243531080784
WA,Methow,1,1,1,238.0,238.0,0.0,0.000666040588513464
WA,Mica,5,3,4,78.6,42.0,0.0,0.00333020294256732
WA,Mill Creek,572,28,70,60.50874125874126,0.0,985.7517482517483,0.3809752166297014
WA,Milton,73,13,22,60.0,8.0,441.7808219178082,0.048620962961482876
WA,Mineral,10,4,5,59.5,16.0,0.0,0.00666040588513464
WA,Moclips,3,3,3,74.0,72.0,0.0,0.001998121765540392
WA,Monroe,640,29,71,60.7765625,0.0,823.90625,0.426265976648617
WA,Montesano,73,13,24,52.082191780821915,19.0,820.5479452054794,0.048620962961482876
WA,Morton,15,5,9,86.06666666666666,25.0,0.0,0.00999060882770196
WA,Moses Lake,239,20,50,72.40585774058577,25.0,1291.63179916318,0.1591837006547179
WA,Mossyrock,22,8,13,110.04545454545455,40.0,4400.0,0.014652892947296207
WA,Mount Vernon,539,24,63,78.89424860853433,25.0,2183.9424860853433,0.3589958772087571
WA,Mountlake Terrace,379,23,55,53.321899736147756,0.0,483.245382585752,0.2524293830466029
WA,Moxee,27,7,14,72.22222222222223,19.0,1194.4444444444443,0.017983095889863528
WA,Mukilteo,661,26,71,67.08320726172467,0.0,1233.2072617246597,0.4402528290073997
WA,Murdock,3,3,3,13.666666666666666,20.0,0.0,0.001998121765540392
WA,Naches,22,10,13,61.5,21.5,2722.7272727272725,0.014652892947296207
WA,Nahcotta,3,3,3,7.333333333333333,0.0,0.0,0.001998121765540392
WA,Napavine,5,4,5,57.6,25.0,0.0,0.00333020294256732
WA,Naselle,14,6,9,93.21428571428571,40.0,0.0,0.009324568239188495
WA,Neah Bay,9,5,7,38.888888888888886,21.0,0.0,0.005994365296621176
WA,Nespelem,1,1,1,150.0,150.0,0.0,0.000666040588513464
WA,Newcastle,786,22,61,68.93638676844783,0.0,1410.8142493638677,0.5235079025715828
WA,Newman Lake,34,9,17,52.35294117647059,0.0,5319.117647058823,0.022645380009457778
WA,Newport,36,10,17,74.0,20.0,0.0,0.023977461186484705
WA,Nine Mile Falls,101,18,34,72.96039603960396,25.0,843.0693069306931,0.06727009943985987
WA,Nooksack,4,3,4,106.0,104.5,0.0,0.002664162354053856
WA,Nordland,45,9,18,107.66666666666667,75.0,5370.0,0.02997182648310588
WA,Normandy Park,247,21,52,81.54655870445345,25.0,1140.2631578947369,0.1645120253628256
WA,North Bend,619,26,68,66.63974151857835,0.0,1314.4507269789983,0.4122791242898342
WA,North Bonneville,7,6,7,150.71428571428572,208.0,0.0,0.004662284119594248
WA,North Cove,5,5,5,13.0,6.0,0.0,0.00333020294256732
WA,Oak Harbor,397,23,63,60.14609571788413,21.0,1038.16120906801,0.26441811363984524
WA,Oakville,18,9,12,81.27777777777777,21.0,0.0,0.011988730593242352
WA,Ocean Park,29,11,17,62.48275862068966,32.0,2410.344827586207,0.019315177066890454
WA,Ocean Shores,116,20,36,52.26724137931034,19.0,1512.5,0.07726070826756182
WA,Odessa,3,2,3,12.666666666666666,0.0,0.0,0.001998121765540392
WA,Okanogan,5,4,5,87.6,0.0,0.0,0.00333020294256732
WA,Olalla,83,14,28,53.65060240963855,0.0,777.1084337349398,0.05528136884661751
WA,Olga,35,12,18,91.85714285714286,84.0,912.8571428571429,0.02331142059797124
WA,Olympia,3634,31,93,70.78508530544855,25.0,1015.5269675288938,2.4203914986579282
WA,Omak,17,10,13,50.11764705882353,20.0,0.0,0.011322690004728889
WA,Onalaska,26,12,16,67.84615384615384,23.5,2688.4615384615386,0.017317055301350064
WA,Orcas,1,1,1,0.0,0.0,0.0,0.000666040588513464
WA,Orcas Is,10,6,8,89.3,55.5,0.0,0.00666040588513464
WA,Orchards,1,1,1,53.0,53.0,0.0,0.000666040588513464
WA,Orondo,52,15,24,70.23076923076923,9.5,4032.6923076923076,0.03463411060270013
WA,Oroville,14,6,12,94.35714285714286,47.5,4992.857142857143,0.009324568239188495
WA,Orting,129,16,34,70.31782945736434,25.0,829.8062015503876,0.08591923591823686
WA,Othello,33,9,16,70.81818181818181,21.0,4236.363636363636,0.02197933942094431
WA,Otis Orchards,30,9,15,67.23333333333333,38.0,0.0,0.01998121765540392
WA,Outlook,6,3,5,133.66666666666666,122.5,0.0,0.003996243531080784
WA,Oysterville,6,4,4,55.666666666666664,25.0,0.0,0.003996243531080784
WA,Pacific,64,16,26,67.3125,6.0,1591.40625,0.042626597664861696
WA,Pacific Beach,20,8,12,107.65,44.5,0.0,0.01332081177026928
WA,Packwood,12,8,10,50.083333333333336,19.5,0.0,0.007992487062161569
WA,Palisades,1,1,1,0.0,0.0,0.0,0.000666040588513464
WA,Palouse,13,7,12,79.23076923076923,47.0,2457.6923076923076,0.008658527650675032
WA,Parkland,75,17,31,62.653333333333336,25.0,0.0,0.0499530441385098
WA,Pasco,487,24,60,72.29568788501027,21.0,1328.3264887063656,0.324361766606057
WA,Pateros,5,5,5,38.6,35.0,6790.0,0.00333020294256732
WA,Pe Ell,1,1,1,215.0,215.0,0.0,0.000666040588513464
WA,Peshastin,18,6,10,84.33333333333333,31.5,3883.3333333333335,0.011988730593242352
WA,Plymouth,1,1,1,53.0,53.0,0.0,0.000666040588513464
WA,Point Roberts,51,11,22,94.47058823529412,39.0,4254.901960784314,0.03396807001418667
WA,Pomeroy,3,2,3,26.666666666666668,19.0,0.0,0.001998121765540392
WA,Port Angeles,365,23,51,64.04657534246576,26.0,1004.931506849315,0.24310481480741436
WA,Port Gamble,1,1,1,19.0,19.0,0.0,0.000666040588513464
WA,Port Hadlock,41,11,20,81.39024390243902,38.0,2484.1463414634145,0.02730766412905202
WA,Port Ludlow,127,19,35,67.09448818897638,25.0,471.65354330708664,0.08458715474120992
WA,Port Orchard,881,27,74,64.28149829738933,21.0,1348.9103291713961,0.5867817584803617
WA,Port Townsend,559,21,61,79.14311270125224,38.0,828.7030411449016,0.3723166889790264
WA,Poulsbo,585,25,68,70.2051282051282,25.0,1187.5897435897436,0.38963374428037645
WA,Preston,28,9,13,87.28571428571429,17.5,0.0,0.01864913647837699
WA,Pros,1,1,1,0.0,0.0,0.0,0.000666040588513464
WA,Prosser,50,11,21,67.56,21.0,0.0,0.0333020294256732
WA,Pullman,207,23,46,58.82125603864734,19.0,337.6811594202899,0.13787040182228705
WA,Puyallup,1054,29,79,61.83491461100569,19.0,1717.4051233396585,0.7020067802931911
WA,Quilcene,41,12,18,87.53658536585365,19.0,1290.2439024390244,0.02730766412905202
WA,Quinault,1,1,1,0.0,0.0,0.0,0.000666040588513464
WA,Quincy,83,15,27,84.7710843373494,19.0,842.1686746987951,0.05528136884661751
WA,Rainier,49,13,23,81.44897959183673,32.0,2853.061224489796,0.03263598883715974
WA,Randle,5,4,5,110.8,38.0,11980.0,0.00333020294256732
WA,Ravensdale,74,16,25,76.04054054054055,19.0,0.0,0.049287003549996336
WA,Raymond,25,11,17,62.08,33.0,5438.0,0.0166510147128366
WA,Reardan,6,5,6,73.5,42.5,5325.0,0.003996243531080784
WA,Redmond,5501,32,100,70.69114706417015,0.0,1224.30830758044,3.663889277412565
WA,Renton,4043,30,97,60.174375463764534,0.0,1085.252287905021,2.692802099359935
WA,Republic,7,4,7,104.57142857142857,25.0,0.0,0.004662284119594248
WA,Rice,6,4,5,82.5,9.0,0.0,0.003996243531080784
WA,Rich,1,1,1,0.0,0.0,0.0,0.000666040588513464
WA,Richland,771,26,77,66.94941634241245,22.0,1046.6796368352789,0.5135172937438808
WA,Ridgefield,790,27,77,63.80632911392405,19.0,882.5949367088608,0.5261720649256366
WA,Ritzville,17,5,11,89.94117647058823,21.0,0.0,0.011322690004728889
WA,Riverside,4,3,3,114.0,118.0,0.0,0.002664162354053856
WA,Rochester,99,16,31,60.95959595959596,20.0,0.0,0.06593801826283294
WA,Rock Island,6,4,4,65.16666666666667,45.0,0.0,0.003996243531080784
WA,Rockford,5,3,5,3.8,0.0,0.0,0.00333020294256732
WA,Rockport,1,1,1,21.0,21.0,0.0,0.000666040588513464
WA,Ronald,27,10,14,117.14814814814815,35.0,5177.777777777777,0.017983095889863528
WA,Roosevelt,2,2,2,14.0,14.0,0.0,0.001332081177026928
WA,Rosalia,9,4,5,41.44444444444444,0.0,0.0,0.005994365296621176
WA,Rosburg,1,1,1,0.0,0.0,0.0,0.000666040588513464
WA,Roslyn,17,6,9,50.05882352941177,0.0,1879.4117647058824,0.011322690004728889
WA,Roy,119,18,30,77.94117647058823,25.0,1805.8403361344538,0.07925883003310222
WA,Royal City,17,8,12,43.8235294117647,0.0,0.0,0.011322690004728889
WA,Ruston,34,11,19,57.23529411764706,17.5,0.0,0.022645380009457778
WA,Salkum,5,2,2,0.0,0.0,0.0,0.00333020294256732
WA,Sammamish,4436,32,99,72.61226330027051,0.0,1473.149233543733,2.9545560506457265
WA,Satsop,2,2,2,161.0,161.0,0.0,0.001332081177026928
WA,Seabeck,72,19,31,66.93055555555556,17.0,2191.597222222222,0.04795492237296941
WA,Seatac,1273,25,55,17.206598586017282,0.0,341.2411626080126,0.8478696691776397
WA,Seattle,25675,34,118,71.26730282375851,19.0,1231.0741966893866,17.100592110083188
WA,Seaview,8,5,7,83.5,37.5,0.0,0.005328324708107712
WA,Sedro Woolley,48,14,20,58.666666666666664,0.0,0.0,0.031969948248646275
WA,Sedro-Woolley,155,16,35,81.81935483870967,32.0,1191.9354838709678,0.10323629121958691
WA,Sekiu,3,3,3,186.66666666666666,238.0,0.0,0.001998121765540392
WA,Selah,81,11,24,77.61728395061728,25.0,2845.679012345679,0.05394928766959059
WA,Sequim,539,25,64,68.06864564007421,26.0,701.8460111317254,0.3589958772087571
WA,Seven Bays,1,1,1,19.0,19.0,0.0,0.000666040588513464
WA,Shaw Island,13,8,10,77.15384615384616,47.0,0.0,0.008658527650675032
WA,Shelton,351,26,59,73.65527065527066,25.0,1524.900284900285,0.23378024656822588
WA,Shoreline,1641,28,87,68.87263863497867,25.0,1289.8781230956733,1.0929726057505946
WA,Silver Creek,9,5,7,35.111111111111114,19.0,0.0,0.005994365296621176
WA,Silver Lake,1,1,1,0.0,0.0,0.0,0.000666040588513464
WA,Silverdale,285,20,48,76.62105263157895,25.0,1338.421052631579,0.18982156772633726
WA,Silverlake,27,9,17,82.51851851851852,30.0,7137.037037037037,0.017983095889863528
WA,Skamokawa,5,3,4,127.6,25.0,0.0,0.00333020294256732
WA,Skykomish,8,5,6,62.0,9.0,0.0,0.005328324708107712
WA,Snohomish,1740,28,89,72.91494252873564,19.0,1488.0086206896551,1.1589106240134273
WA,Snoqualmie,710,25,66,68.00140845070422,0.0,1334.1549295774648,0.4728888178445595
WA,Snoqualmie Pass,24,8,16,47.208333333333336,0.0,1343.75,0.015984974124323138
WA,Snowden,12,8,11,15.166666666666666,9.0,0.0,0.007992487062161569
WA,Soap Lake,15,7,9,36.86666666666667,21.0,0.0,0.00999060882770196
WA,South Bend,3,3,3,91.0,53.0,0.0,0.001998121765540392
WA,South Cle Elum,3,2,3,103.0,53.0,0.0,0.001998121765540392
WA,South Hill,477,23,60,58.35429769392034,0.0,1686.6876310272537,0.3177013607209223
WA,South Prairie,2,2,2,15.0,15.0,0.0,0.001332081177026928
WA,Spanaway,326,22,54,69.65950920245399,25.0,2008.1134969325153,0.21712923185538924
WA,Spangle,12,5,7,41.0,38.0,0.0,0.007992487062161569
WA,Spokane,2204,31,94,64.95825771324864,21.0,1189.2627041742287,1.4679534570836748
WA,Spokane Valley,539,22,62,54.79406307977737,25.0,1476.9851576994433,0.3589958772087571
WA,Sprague,1,1,1,38.0,38.0,0.0,0.000666040588513464
WA,Springdale,3,2,3,92.0,38.0,0.0,0.001998121765540392
WA,St John,2,1,1,0.0,0.0,0.0,0.001332081177026928
WA,Stanwood,363,24,56,71.90633608815428,19.0,1648.6225895316804,0.24177273363038743
WA,Startup,1,1,1,0.0,0.0,0.0,0.000666040588513464
WA,Steilacoom,153,16,43,81.3202614379085,25.0,1987.9084967320262,0.10190421004255999
WA,Stevenson,50,13,21,78.42,28.5,679.0,0.0333020294256732
WA,Stratford,1,1,1,0.0,0.0,0.0,0.000666040588513464
WA,Sultan,132,17,34,56.5,0.0,1754.9242424242425,0.08791735768377724
WA,Sumas,10,6,9,49.8,30.5,0.0,0.00666040588513464
WA,Sumner,151,18,37,41.82781456953642,0.0,1151.6556291390727,0.10057212886553307
WA,Sunnyside,46,11,18,51.65217391304348,19.5,3799.891304347826,0.03063786707161935
WA,Suquamish,64,12,21,85.28125,38.0,499.21875,0.042626597664861696
WA,Surfside,19,9,15,69.94736842105263,25.0,1942.1052631578948,0.012654771181755816
WA,Tacoma,3121,30,97,63.93976289650753,20.0,1319.2678628644665,2.0787126767505213
WA,Taholah,3,2,3,80.33333333333333,21.0,0.0,0.001998121765540392
WA,Tahuya,19,10,15,70.3157894736842,0.0,0.0,0.012654771181755816
WA,Tekoa,3,3,3,19.666666666666668,21.0,0.0,0.001998121765540392
WA,Tenino,76,14,24,73.64473684210526,38.0,919.7368421052631,0.05061908472702326
WA,Thorp,4,2,3,91.25,75.0,0.0,0.002664162354053856
WA,Tieton,8,6,7,75.625,75.5,0.0,0.005328324708107712
WA,Tokeland,5,3,5,156.2,208.0,13980.0,0.00333020294256732
WA,Toledo,25,9,13,121.56,107.0,0.0,0.0166510147128366
WA,Tonasket,17,7,9,65.88235294117646,42.0,2352.6470588235293,0.011322690004728889
WA,Toppenish,11,6,7,120.18181818181819,75.0,0.0,0.007326446473648104
WA,Touchet,4,4,4,28.0,9.5,7987.5,0.002664162354053856
WA,Toutle,5,5,5,22.2,6.0,0.0,0.00333020294256732
WA,Trout Lake,21,8,11,100.95238095238095,42.0,0.0,0.013986852358782744
WA,Tukwila,2129,22,54,23.480037576326914,21.0,139.9248473461719,1.4180004129451649
WA,Tulalip,5,4,4,94.6,75.0,0.0,0.00333020294256732
WA,Tumtum,1,1,1,0.0,0.0,0.0,0.000666040588513464
WA,Tumwater,539,24,53,72.71243042671614,26.0,530.7050092764379,0.3589958772087571
WA,Twisp,39,10,19,77.12820512820512,25.0,0.0,0.025975582952025095
WA,Underwood,27,13,18,49.925925925925924,25.0,1959.2592592592594,0.017983095889863528
WA,Union,34,16,22,29.176470588235293,9.5,2667.6470588235293,0.022645380009457778
WA,Union Gap,5,5,5,26.6,14.0,0.0,0.00333020294256732
WA,Uniontown,2,2,2,0.0,0.0,0.0,0.001332081177026928
WA,University Place,589,28,76,70.12054329371817,21.0,1485.899830220713,0.3922979066344303
WA,Usk,3,2,2,121.33333333333333,21.0,0.0,0.001998121765540392
WA,Vader,7,3,4,29.714285714285715,32.0,0.0,0.004662284119594248
WA,Valley,8,5,7,71.875,26.5,0.0,0.005328324708107712
WA,Valleyford,16,10,12,63.5,27.5,0.0,0.010656649416215424
WA,Vancouver,5310,31,101,64.24783427495292,21.0,1171.6101694915253,3.536675525006494
WA,Vantage,1,1,1,0.0,0.0,0.0,0.000666040588513464
WA,Vashon,561,26,68,83.92513368983957,53.0,1239.9197860962568,0.3736487701560533
WA,Vaughn,24,8,13,123.83333333333333,117.5,2912.5,0.015984974124323138
WA,Veradale,47,11,21,67.70212765957447,19.0,0.0,0.03130390766013281
WA,Wahkiacus,2,2,2,37.5,37.5,0.0,0.001332081177026928
WA,Waitsburg,10,5,7,103.4,60.0,3195.0,0.00666040588513464
WA,Waldron,2,1,1,74.0,74.0,0.0,0.001332081177026928
WA,Walla Walla,287,22,49,69.61672473867596,25.0,1360.0871080139373,0.19115364890336417
WA,Walla Walla Co,1,1,1,22.0,22.0,0.0,0.000666040588513464
WA,Wapato,10,5,7,58.5,19.0,0.0,0.00666040588513464
WA,Warden,4,4,4,12.75,9.5,0.0,0.002664162354053856
WA,Washougal,494,24,70,69.76518218623482,23.5,1144.6356275303644,0.3290240507256512
WA,Washtucna,1,1,1,26.0,26.0,0.0,0.000666040588513464
WA,Waterville,4,2,4,149.25,179.5,0.0,0.002664162354053856
WA,Waverly,1,1,1,73.0,73.0,0.0,0.000666040588513464
WA,Wenatchee,337,24,54,76.18991097922849,25.0,1145.40059347181,0.22445567832903734
WA,West Richland,187,16,42,77.17647058823529,32.0,1694.8663101604277,0.12454959005201777
WA,Westport,19,7,13,84.47368421052632,30.0,2784.2105263157896,0.012654771181755816
WA,White Salmon,117,18,32,70.17094017094017,16.0,1194.871794871795,0.07792674885607528
WA,White Swan,2,2,2,22.0,22.0,0.0,0.001332081177026928
WA,Wilbur,5,4,5,59.8,19.0,0.0,0.00333020294256732
WA,Wilkeson,4,4,4,9.25,6.0,9200.0,0.002664162354053856
WA,Winlock,51,11,18,83.23529411764706,25.0,4501.9607843137255,0.03396807001418667
WA,Winthrop,67,16,25,58.38805970149254,12.0,550.7462686567164,0.04462471943040209
WA,Wishram,1,1,1,25.0,25.0,0.0,0.000666040588513464
WA,Woodinville,2024,32,94,81.41254940711462,21.0,2075.36314229249,1.348066151151251
WA,Woodland,142,17,33,73.77464788732394,25.0,1195.7394366197184,0.0945777635689119
WA,Woodway,78,17,28,91.41025641025641,25.0,1305.7692307692307,0.05195116590405019
WA,Yacolt,37,12,20,54.945945945945944,16.0,3374.324324324324,0.024643501774998168
WA,Yakima,552,28,66,62.5036231884058,21.0,515.4891304347826,0.3676544048594321
WA,Yarrow Point,134,17,33,101.88059701492537,30.0,2772.0149253731342,0.08924943886080418
WA,Yelm,220,23,48,62.50454545454546,21.0,1370.2272727272727,0.1465289294729621
WA,Zillah,25,11,15,57.44,0.0,2796.0,0.0166510147128366
WY,Cheyenne,1,1,1,322.0,322.0,0.0,50.0
WY,Sheridan,1,1,1,0.0,0.0,0.0,50.0
