,count,mean,std,min,25%,50%,75%,max,variance,skewness,kurtosis,range,iqr,cv_percent
Postal_Code,150479.0,98168.34415433383,2473.6121844174118,1730.0,98052.0,98122.0,98370.0,99577.0,6118757.238898279,-29.861654989780085,937.8300705236242,97847.0,318.0,2.5197656186688464
Model_Year,150482.0,2020.0054358660836,3.0152087266815197,1997.0,2018.0,2021.0,2023.0,2024.0,9.091483665456392,-0.9782454290493908,0.23541984512231684,27.0,5.0,0.1492673570647467
Electric_Range,150482.0,67.87783921000518,96.23000869819067,0.0,0.0,18.0,97.0,337.0,9260.214574053853,1.2194867245382488,-0.03204572596604205,337.0,97.0,141.7694048870171
Base_MSRP,150482.0,1312.644734918462,9231.310214715764,0.0,0.0,0.0,0.0,845000.0,85217088.28031562,11.930855909140766,518.6918937652797,845000.0,0.0,703.2603696299584
Vehicle_ID,150482.0,211112233.346367,81963879.64188957,4385.0,169347305.25,215030630.0,239911895.5,479254772.0,6718077565950161.0,0.897196183628993,3.2904167068683687,479250387.0,70564590.25,38.824789233039525
Census_Tract,150479.0,52971954662.7863,1638841335.7708862,1081041901.0,53033009500.0,53033029309.0,53053072509.0,56033000100.0,2.685800923831302e+18,-25.965380842484407,696.1403141700539,54951958199.0,20063009.0,3.093790565599423
Legislative_District,150482.0,29.352234818782314,14.809043129483372,1.0,18.0,33.0,43.0,49.0,219.30775841089869,-0.4859819133227087,-1.061687045598417,48.0,25.0,50.45286405247465
Vehicle_Age,150482.0,5.994564133916349,3.01520872668152,2.0,3.0,5.0,8.0,29.0,9.091483665456394,0.9782454290493973,0.2354198451223235,27.0,5.0,50.2990485934068
Has_Electric_Range,150482.0,0.5368349702954506,0.49864299582578914,0.0,0.0,1.0,1.0,1.0,0.24864483728611797,-0.14774281467956193,-1.9781983523819002,1.0,1.0,92.88571412390623
Range_Percentile,150482.0,50.000332265653036,27.39297352197401,23.158583750880503,23.158583750880503,49.65843090868011,75.06047234885236,99.97474781036937,750.3749983755691,0.3236929191207437,-1.46469647646167,76.81616405948887,51.901888597971855,54.78558297659792
Range_ZScore,150482.0,5.892780094819347e-17,1.0,-0.7053708102936234,-0.7053708102936234,-0.5183189722702684,0.3026307612766784,2.7966552682547445,1.0,1.2194867245382481,-0.032045725966041605,3.5020260785483677,1.0080015715703017,1.6969918848306465e+18
Has_MSRP,150482.0,0.02295955662471259,0.14977504617165963,0.0,0.0,0.0,0.0,1.0,0.022432564455722774,6.3701770864951675,38.579668861086176,1.0,0.0,652.3429377135653
MSRP_Percentile,150482.0,50.00033226565304,7.489375385619645,48.85235443441741,48.85235443441741,48.85235443441741,48.85235443441741,100.0,56.090743666725416,6.371840346648719,38.6082371843767,51.14764556558259,0.0,14.978651233412615
MSRP_ZScore,150482.0,0.0,1.0,-0.1421948460605252,-0.1421948460605252,-0.1421948460605252,-0.1421948460605252,91.39410718969744,1.0,11.930855909140762,518.6918937652799,91.53630203575796,0.0,
Range_per_MSRP,3455.0,0.0021023200567953757,0.001316772510899592,1.4201183431952663e-05,0.0003252032520325,0.0029107981220657,0.0029756795422031,0.0044240400667779,1.7338898454608164e-06,-0.44890277563970954,-1.3795124497435338,0.004409838883345947,0.0026504762901706,62.634255266859064
MSRP_per_Range,80784.0,58.4981696214781,494.7744441021906,0.0,0.0,0.0,0.0,70416.66666666667,244801.75053663176,42.83032591809368,5164.616042551537,70416.66666666667,0.0,845.7947441838078
Make_Share_Pct,150482.0,23.53226283045716,20.63480522142888,0.0013290626121396,4.1187650350208,8.969179038024482,45.84136308661501,45.84136308661501,425.79518652630856,0.13549674515818588,-1.941677179461362,45.840034024002875,41.72259805159421,87.68729709546598
State_Share_Pct,150482.0,99.54735767289671,4.7430067629559565,0.0006645313060698,99.7733948246302,99.7733948246302,99.7733948246302,99.7733948246302,22.49611315344594,-20.935789234390167,436.31309449328586,99.77273029332413,0.0,4.764573238137603
EV_Type_Share_Pct,150482.0,65.25939632742498,23.024425355149294,22.37809173190149,77.62190826809851,77.62190826809851,77.62190826809851,77.62190826809851,530.1241629348417,-1.3255140053811714,-0.24301585154783023,55.243816536197016,0.0,35.281394942161576
CAFV_Share_Pct,150482.0,40.356472343204075,10.661207302802511,11.85058678114326,41.8329102484018,41.8329102484018,46.31650297045493,46.31650297045493,113.6613411533296,-2.1833038740113335,3.102544579425154,34.46591618931167,4.483592722053125,26.417589753971228
Make_Rank,150482.0,4.447541898698848,5.149401285126268,1.0,1.0,2.0,6.0,37.0,26.516333595260054,1.9448798224795272,3.929697661994741,36.0,5.0,115.78083809919255
State_Rank,150482.0,1.012998232346726,0.353989660701231,1.0,1.0,1.0,1.0,17.0,0.12530867988337266,33.119732838398384,1197.1331049114526,16.0,0.0,34.94474614049163
Model_Rank,150482.0,12.35372336890791,17.607682036413518,1.0,2.0,4.0,15.0,115.0,310.0304666954393,2.3620048539655367,5.99639508178212,114.0,13.0,142.52935338287463
Long_Range_Flag,150482.0,0.21261679137704179,0.409160120132387,0.0,0.0,0.0,0.0,1.0,0.16741200390674937,1.4047655870445799,-0.02663399961446844,1.0,0.0,192.44017251996203
Premium_MSRP_Flag,150482.0,0.0009303438284977606,0.03048744767234206,0.0,0.0,0.0,0.0,1.0,0.0009294844655737953,32.739788162760895,1069.9079486888127,1.0,0.0,3277.0086433066986
Recent_Model_Flag,150482.0,0.25066785396260016,0.43339904149982117,0.0,0.0,0.0,1.0,1.0,0.18783472917296373,1.1506045744767923,-0.6761180994025953,1.0,1.0,172.89773485055034
Older_Model_Flag,150482.0,0.14122619316596005,0.3482558850726614,0.0,0.0,0.0,0.0,1.0,0.12128216148774275,2.060430795884966,2.2454049072916327,1.0,0.0,246.5944009858095
High_Range_Premium_Flag,150482.0,0.0003123297138528196,0.01767015107170649,0.0,0.0,0.0,0.0,1.0,0.00031223423889693,56.55801238015774,3196.851252548669,1.0,0.0,5657.531220367098
Model_Year_Decade,150482.0,2016.34335003522,4.822795895949484,1990.0,2010.0,2020.0,2020.0,2020.0,23.259360253987186,-0.5685184100243686,-1.6356729465934459,30.0,10.0,0.23918525066007448
Range_Score,150482.0,1.4692255552159061,0.8528467208302821,1.0,1.0,1.0,1.0,4.0,0.7273475292309651,1.4234001240124734,0.37767661124691587,3.0,0.0,58.04736500822396
Log_MSRP,150482.0,0.2502110739818331,1.633016529745261,0.0,0.0,0.0,0.0,13.647093089770562,2.6667429864212546,6.379741079093245,38.74396137345987,13.647093089770562,0.0,652.6555774521108
Range_per_10K_MSRP,3455.0,21.023200567954248,13.167725108995906,0.1420118343195266,3.252032520325203,29.10798122065728,29.756795422031477,44.24040066777963,173.38898454608125,-0.448902775639705,-1.3795124497435243,44.098388833460106,26.504762901706272,62.63425526685753
Is_BEV,150482.0,0.776219082680985,0.4167783255898542,0.0,1.0,1.0,1.0,1.0,0.17370417268148255,-1.325514005381171,-0.24301585154783156,1.0,0.0,53.693388231366654
Is_PHEV,150482.0,0.2237809173190149,0.4167783255898542,0.0,0.0,0.0,0.0,1.0,0.17370417268148255,1.3255140053811718,-0.2430158515478298,1.0,0.0,186.24390791807707
Manufacturer_Frequency,150482.0,35411.81975252854,31051.667593310613,2.0,6198.0,13497.0,68983.0,68983.0,964206060.3254564,0.13549674515818577,-1.9416771794613625,68981.0,62785.0,87.687297095466
Model_Frequency,150482.0,13155.110857112479,12018.344538172994,1.0,1917.0,7611.0,27709.0,28502.0,144440605.43823263,0.32691817349689983,-1.7219696617027718,28501.0,25792.0,91.35874770431998
State_EV_Count,150482.0,149800.85477332838,7137.371437031382,1.0,150141.0,150141.0,150141.0,150141.0,50942071.03015141,-20.935789234390164,436.31309449328535,150140.0,0.0,4.764573238137604
City_EV_Count,150482.0,6441.1057933839265,8949.123742784892,1.0,771.0,2276.0,5502.0,25678.0,80086815.76367627,1.567927928501136,0.72298187194842,25677.0,4731.0,138.93769222013265
Utility_EV_Count,150482.0,32412.1256229981,20305.38828787234,1.0,8643.0,29865.0,55637.0,55637.0,412308793.5212633,-0.1737922793030938,-1.3101070127858292,55636.0,46994.0,62.64750582561177
CAFV_Eligible_Flag,150482.0,0.5368349702954506,0.49864299582578914,0.0,0.0,1.0,1.0,1.0,0.24864483728611797,-0.14774281467956193,-1.9781983523819002,1.0,1.0,92.88571412390623
Has_Location,150482.0,1.0,0.0,1.0,1.0,1.0,1.0,1.0,0.0,0.0,0.0,0.0,0.0,0.0
Has_Census_Tract,150482.0,0.9999800640608179,0.004464938321995059,0.0,1.0,1.0,1.0,1.0,1.9935674219220057e-05,-223.96130613236664,50157.33326687924,1.0,0.0,0.4465027336508486
Has_Legislative_District,150482.0,1.0,0.0,1.0,1.0,1.0,1.0,1.0,0.0,0.0,0.0,0.0,0.0,0.0
Has_VIN,150482.0,1.0,0.0,1.0,1.0,1.0,1.0,1.0,0.0,0.0,0.0,0.0,0.0,0.0
Missing_Features_Count,150482.0,3.3943262317087757,0.7171549902725256,0.0,3.0,3.0,4.0,5.0,0.5143112800727864,-2.2400190631193957,8.802130240668989,5.0,1.0,21.12805138095093
Data_Completeness_Pct,150482.0,94.93384144521077,1.0703805824963015,92.53731343283582,94.02985074626866,95.52238805970148,95.52238805970148,100.0,1.1457145913851219,2.2400190631194565,8.80213024066929,7.462686567164184,1.4925373134328197,1.1275016013273318
