keyword,mean_tfidf,frequency
love,0.02531688539705291,24
life,0.02237699731897165,17
one,0.022093205412785765,17
never,0.019589362054115506,13
book,0.0177437129156804,10
thing,0.01679025330352482,10
think,0.01516546697527144,14
know,0.015151633390681403,8
like,0.014777699370954371,9
people,0.014628821504144468,7
read,0.01454568125236835,7
make,0.013802943188436891,14
time,0.012255893762171937,7
person,0.012148013785872547,5
see,0.012067631496918379,7
friend,0.01189760529766871,8
good,0.011674578916950666,8
day,0.011399550604172186,7
truth,0.01135162390466949,6
way,0.011263667255900476,7
great,0.01104494851960055,5
live,0.011014573530888017,7
without,0.010262360170704643,6
get,0.009833941283881303,5
every,0.009137100388209224,5
man,0.009083414821333714,5
going,0.009030625411313168,7
really,0.0089084416972922,5
better,0.008889654450150601,3
world,0.008852522514578456,6
everyone,0.008842682519444547,4
die,0.008726121028853687,4
believe,0.008607589292281573,5
must,0.008387140982410994,5
go,0.00836135279077158,7
hurt,0.008257664236144591,4
let,0.008252385420888197,5
small,0.00816943697380549,3
nothing,0.007908089027125517,4
doesnt,0.007897609877985936,5
dont,0.00788003552105257,8
matter,0.007831472152747633,4
lie,0.007804655575750799,3
understand,0.007784264822067387,3
become,0.007625996931898521,4
may,0.007618368627615486,7
want,0.007552863244487384,5
keep,0.007402040215020173,7
reading,0.007394016373407305,4
harry,0.0072761789287641935,3
genius,0.007270648774009626,3
need,0.007121391318385141,3
mind,0.006960728909779772,3
grow,0.006881599616825643,2
big,0.006828103577062988,3
thinking,0.006827147648786596,4
else,0.0066162985150539765,4
music,0.0065916846046754725,4
im,0.0065656393035505725,4
adventure,0.006555144237102671,2
happens,0.0064682499535221585,4
enough,0.006428375256123929,3
old,0.006371818511964467,3
anything,0.006345065139815018,3
remember,0.006305577697453128,6
eye,0.0062781758508423735,4
might,0.006277187101125901,2
death,0.006138758039368826,3
isnt,0.006109001552955692,2
much,0.0059098502604481564,5
fairy,0.005886681244194669,3
tale,0.005886681244194669,3
fairy tale,0.005886681244194669,0
kind,0.005824654226671304,3
wander,0.005773502691896257,1
lost,0.005773502691896257,1
wander lost,0.005773502691896257,0
learn,0.005761787767816708,2
someone,0.0056975468851719535,2
right,0.005691108922229184,3
point,0.005662743245101081,2
woman,0.005649401368426023,2
forget,0.005582044899820207,3
take,0.00549204227137169,2
youll,0.0054709568095959666,4
trouble,0.005437255029392889,4
imagination,0.005435863585717503,2
everything,0.005390245082530979,5
feel,0.005318665113189196,2
truly,0.005259500792701059,2
find,0.005203350105931431,4
hope,0.005178755434142963,2
loved,0.0051724040821870204,2
give,0.0051405378467675395,7
little,0.005103650036696047,3
though,0.005066306477966048,3
half,0.00506142743334042,3
best,0.005052504239250882,4
hate,0.005030427178078242,3
loyal,0.004994586538973837,1
friend loyal,0.004994586538973837,0
loyal book,0.004994586538973837,0
library,0.004971951412803849,2
every day,0.0049664102404327,0
alone,0.004955747989172092,1
read know,0.004955747989172092,0
know alone,0.004955747989172092,0
could,0.004922524109585994,3
come,0.00491951768508747,5
late,0.004852720547600702,1
late might,0.004852720547600702,0
never late,0.004852720547600702,0
living,0.004767355818908211,2
kiss,0.004755344744073922,2
lack,0.00475436447994761,2
darkness,0.004685121267022689,1
star,0.004685121267022689,1
darkness see,0.004685121267022689,0
see star,0.004685121267022689,0
hated,0.00467258744972966,1
better hated,0.00467258744972966,0
hated loved,0.00467258744972966,0
lady,0.0046654331544277675,2
real,0.004624263291930858,2
making,0.0046098335785027,2
girl,0.004594421614693702,3
something,0.004567380779900919,4
course,0.004563739022908568,2
pity,0.0045608315273079035,2
tea,0.00455095931495168,2
got,0.004528248592503961,2
always,0.004519353348365316,4
trying,0.004502334463686074,3
ive,0.004432731050106988,2
happiness,0.004431781875827708,2
inside,0.0044032385990741135,2
try,0.0043701677442112155,2
anyone,0.004347692268553828,2
around,0.004316680903609797,2
choice,0.004314370734557963,2
judge,0.00430121162340686,1
people time,0.00430121162340686,0
judge people,0.00430121162340686,0
time love,0.00430121162340686,0
live without,0.004296024095513816,0
walk,0.004270919569821728,2
become man,0.004269899118958554,0
left,0.0042611502183858094,2
everyone else,0.00423412716166818,0
live life,0.00422429898613347,0
would,0.004210298259861783,2
die time,0.004198920347879147,0
stupid,0.004189985424581403,2
life one,0.004181729057142173,0
laugh,0.004169376879127728,2
stand,0.004157022507596236,2
necessary,0.0041522088738608015,2
write,0.004146984616303891,2
child,0.004113772006743973,2
last,0.004112006796885921,2
opposite,0.0040932500948242375,4
indifference,0.0040932500948242375,4
im one,0.004072623107661539,0
absolutely,0.004072020726624323,2
beauty,0.004063530934141038,2
plan,0.004059512729387001,1
happens making,0.004059512729387001,0
life happens,0.004059512729387001,0
making plan,0.004059512729387001,0
fool,0.0040501340985891416,1
point understand,0.0040501340985891416,0
know point,0.0040501340985891416,0
fool know,0.0040501340985891416,0
long,0.004000203773720409,2
person matter,0.003984335178645974,0
person person,0.003984335178645974,0
matter small,0.003984335178645974,0
awfully,0.003978294669577422,1
big adventure,0.003978294669577422,0
awfully big,0.003978294669577422,0
die awfully,0.003978294669577422,0
born,0.003969507955952529,1
matter someone,0.003969507955952529,0
someone born,0.003969507955952529,0
born grow,0.003969507955952529,0
drug,0.003936598482639497,1
he,0.003936598482639497,1
bella,0.003936598482639497,1
he like,0.003936598482639497,0
drug bella,0.003936598482639497,0
like drug,0.003936598482639497,0
new,0.003931921855085568,2
done,0.003922121518058705,3
open,0.0039207604485565675,2
miracle,0.0038806451407436353,2
high,0.0038671809073689096,3
scare,0.0038383143001826953,1
thing every,0.0038383143001826953,0
one thing,0.0038383143001826953,0
day scare,0.0038383143001826953,0
fear,0.0038338178018857676,2
loving,0.003782907253042947,2
nonsense,0.003722946574836815,2
well,0.0036659547617732754,3
worthy,0.0036572890927244095,1
tell,0.0036572890927244095,1
tell truth,0.0036572890927244095,0
people worthy,0.0036572890927244095,0
truth people,0.0036572890927244095,0
never tell,0.0036572890927244095,0
often,0.003635809888755486,2
thought,0.003631793791174537,2
indifference opposite,0.0035997842887910475,0
laugh make,0.003579514460683088,0
woman laugh,0.003579514460683088,0
make woman,0.003579514460683088,0
make anything,0.003579514460683088,0
creating,0.0035482063028400243,1
finding,0.0035482063028400243,1
isnt finding,0.0035482063028400243,0
life creating,0.0035482063028400243,0
finding life,0.0035482063028400243,0
life isnt,0.0035482063028400243,0
education,0.003533797515087279,1
interfere,0.003533797515087279,1
schooling,0.003533797515087279,1
let schooling,0.003533797515087279,0
interfere education,0.003533797515087279,0
schooling interfere,0.003533797515087279,0
never let,0.003533797515087279,0
courage,0.003529880534850639,1
take courage,0.003529880534850639,0
grow become,0.003529880534850639,0
become really,0.003529880534850639,0
courage grow,0.003529880534850639,0
true,0.0035234608390573275,2
face,0.003516994035427789,1
forget face,0.003516994035427789,0
last hope,0.003516994035427789,0
face person,0.003516994035427789,0
person last,0.003516994035427789,0
second,0.0035025129277606844,2
begin,0.003490672067816431,2
paradise,0.0034457700308317607,1
imagined,0.0034457700308317607,1
paradise kind,0.0034457700308317607,0
imagined paradise,0.0034457700308317607,0
always imagined,0.0034457700308317607,0
kind library,0.0034457700308317607,0
intelligent,0.003443532802848528,2
intelligent read,0.003443532802848528,0
read fairy,0.003443532802848528,0
equally,0.0034347521272994927,1
free,0.0034347521272994927,1
prejudice,0.0034347521272994927,1
everyone equally,0.0034347521272994927,0
prejudice hate,0.0034347521272994927,0
free prejudice,0.0034347521272994927,0
hate everyone,0.0034347521272994927,0
thats,0.0034282643909920862,2
beholder,0.003425794487319762,2
sitting,0.003400899964200817,2
think sitting,0.003400899964200817,0
drink,0.0033992135859893724,4
sit,0.003397681244005202,1
typewriter,0.003397681244005202,1
writing,0.003397681244005202,1
bleed,0.003397681244005202,1
typewriter bleed,0.003397681244005202,0
sit typewriter,0.003397681244005202,0
nothing writing,0.003397681244005202,0
writing sit,0.003397681244005202,0
mistake,0.0033892714085246092,2
logic,0.003382402926175635,1
everywhere,0.003382402926175635,1
logic get,0.003382402926175635,0
imagination get,0.003382402926175635,0
get imagination,0.003382402926175635,0
get everywhere,0.003382402926175635,0
door,0.0033471103776151045,2
sunshine,0.003309860328476792,1
night,0.003309860328476792,1
sunshine like,0.003309860328476792,0
like know,0.003309860328476792,0
without sunshine,0.003309860328476792,0
know night,0.003309860328476792,0
day without,0.003309860328476792,0
praise,0.0032992294063400123,1
classic,0.0032992294063400123,1
book people,0.0032992294063400123,0
dont read,0.0032992294063400123,0
classic book,0.0032992294063400123,0
people praise,0.0032992294063400123,0
praise dont,0.0032992294063400123,0
cant,0.003297903830974522,2
chocolate,0.0032900441473856235,1
need love,0.0032900441473856235,0
doesnt hurt,0.0032900441473856235,0
little chocolate,0.0032900441473856235,0
love little,0.0032900441473856235,0
chocolate doesnt,0.0032900441473856235,0
small thing,0.0032846241333771365,0
great thing,0.0032846241333771365,0
great love,0.0032846241333771365,0
thing great,0.0032846241333771365,0
thing small,0.0032846241333771365,0
comforted,0.003269169823313867,1
get hurt,0.003269169823313867,0
hurt truth,0.003269169823313867,0
comforted lie,0.003269169823313867,0
truth comforted,0.003269169823313867,0
better get,0.003269169823313867,0
limit,0.00325923415337261,1
difference,0.00325923415337261,1
stupidity,0.00325923415337261,1
stupidity genius,0.00325923415337261,0
difference genius,0.00325923415337261,0
genius limit,0.00325923415337261,0
genius stupidity,0.00325923415337261,0
shall,0.0032374271130916686,2
trust,0.003231517047426179,1
eventually,0.003231517047426179,1
lie eventually,0.003231517047426179,0
eventually learn,0.003231517047426179,0
learn trust,0.003231517047426179,0
trust one,0.003231517047426179,0
believe lie,0.003231517047426179,0
love love,0.0032168358528516187,0
close,0.00320841888193665,2
wellorganized,0.003165331229128801,1
next,0.003165331229128801,1
next great,0.003165331229128801,0
great adventure,0.003165331229128801,0
mind death,0.003165331229128801,0
death next,0.003165331229128801,0
wellorganized mind,0.003165331229128801,0
youer,0.0031348798816036427,1
alive,0.0031348798816036427,1
truer,0.0031348798816036427,1
today,0.0031348798816036427,1
truer true,0.0031348798816036427,0
alive youer,0.0031348798816036427,0
one alive,0.0031348798816036427,0
true one,0.0031348798816036427,0
today truer,0.0031348798816036427,0
whose,0.0031108257997397204,1
answer,0.0031108257997397204,1
accept,0.0031108257997397204,1
talk,0.0031108257997397204,1
reason,0.0031108257997397204,1
whose answer,0.0031108257997397204,0
answer accept,0.0031108257997397204,0
talk one,0.0031108257997397204,0
reason talk,0.0031108257997397204,0
one whose,0.0031108257997397204,0
question,0.003109224888669437,1
stop,0.003109224888669437,1
going let,0.003109224888669437,0
going stop,0.003109224888669437,0
let going,0.003109224888669437,0
question isnt,0.003109224888669437,0
isnt going,0.003109224888669437,0
head,0.003103813079579108,2
mean,0.003103813079579108,2
work,0.003101201945880255,1
found,0.003101201945880255,1
failed,0.003101201945880255,1
wont,0.003101201945880255,1
way wont,0.003101201945880255,0
wont work,0.003101201945880255,0
ive found,0.003101201945880255,0
failed ive,0.003101201945880255,0
found way,0.003101201945880255,0
far,0.003097558681833488,1
show,0.003097558681833488,1
ability,0.003097558681833488,1
choice harry,0.003097558681833488,0
far ability,0.003097558681833488,0
show truly,0.003097558681833488,0
harry show,0.003097558681833488,0
truly far,0.003097558681833488,0
place,0.0030475295810301023,1
place youll,0.0030475295810301023,0
know learn,0.0030475295810301023,0
youll go,0.0030475295810301023,0
learn place,0.0030475295810301023,0
thing know,0.0030475295810301023,0
read thing,0.0030475295810301023,0
pain,0.0030169586407451676,1
hit,0.0030169586407451676,1
one good,0.0030169586407451676,0
hit feel,0.0030169586407451676,0
music hit,0.0030169586407451676,0
good thing,0.0030169586407451676,0
thing music,0.0030169586407451676,0
feel pain,0.0030169586407451676,0
happens drink,0.00298941803643079,0
two,0.002987899893149281,2
start,0.0029716194916559802,1
old enough,0.0029716194916559802,0
reading fairy,0.0029716194916559802,0
start reading,0.0029716194916559802,0
enough start,0.0029716194916559802,0
day old,0.0029716194916559802,0
fail,0.002919401497944905,3
needed,0.0029102650371400276,1
gone,0.0029102650371400276,1
ended,0.0029102650371400276,1
intended,0.0029102650371400276,1
ended needed,0.0029102650371400276,0
may gone,0.0029102650371400276,0
go think,0.0029102650371400276,0
gone intended,0.0029102650371400276,0
intended go,0.0029102650371400276,0
think ended,0.0029102650371400276,0
explain,0.002889073713761454,1
year,0.002889073713761454,1
six,0.002889073713761454,1
dont understand,0.002889073713761454,0
year old,0.002889073713761454,0
explain six,0.002889073713761454,0
old dont,0.002889073713761454,0
cant explain,0.002889073713761454,0
six year,0.002889073713761454,0
youre,0.0028627842346417237,4
lose,0.00285278345041248,1
angry,0.00285278345041248,1
minute,0.00285278345041248,1
sixty,0.00285278345041248,1
lose sixty,0.00285278345041248,0
second happiness,0.00285278345041248,0
minute angry,0.00285278345041248,0
angry lose,0.00285278345041248,0
every minute,0.00285278345041248,0
sixty second,0.00285278345041248,0
beautiful,0.0028395461743297885,2
smiling,0.0028141059492516095,2
lover,0.0028141059492516095,2
happen,0.0028124709305574445,2
unhappy,0.0028080042506259148,1
marriage,0.0028080042506259148,1
friendship,0.0028080042506259148,1
make unhappy,0.0028080042506259148,0
unhappy marriage,0.0028080042506259148,0
friendship make,0.0028080042506259148,0
love lack,0.0028080042506259148,0
lack love,0.0028080042506259148,0
lack friendship,0.0028080042506259148,0
sleepy,0.002787255628375229,1
ideal,0.002787255628375229,1
conscience,0.002787255628375229,1
good friend,0.002787255628375229,0
sleepy conscience,0.002787255628375229,0
good book,0.002787255628375229,0
friend good,0.002787255628375229,0
conscience ideal,0.002787255628375229,0
book sleepy,0.002787255628375229,0
ideal life,0.002787255628375229,0
madly,0.002779184430229719,1
anytime,0.002779184430229719,1
remember madly,0.002779184430229719,0
madly love,0.002779184430229719,0
right kiss,0.002779184430229719,0
kiss anytime,0.002779184430229719,0
love right,0.002779184430229719,0
anytime feel,0.002779184430229719,0
feel like,0.002779184430229719,0
made,0.0027293757845605355,1
tried,0.0027293757845605355,1
made mistake,0.0027293757845605355,0
anyone never,0.0027293757845605355,0
mistake never,0.0027293757845605355,0
anything new,0.0027293757845605355,0
tried anything,0.0027293757845605355,0
never made,0.0027293757845605355,0
never tried,0.0027293757845605355,0
problem,0.0027015398544572152,2
dead,0.00269370057114561,1
pity dead,0.00269370057114561,0
pity living,0.00269370057114561,0
living live,0.00269370057114561,0
dead harry,0.00269370057114561,0
without love,0.00269370057114561,0
harry pity,0.00269370057114561,0
earth,0.002677558655020281,1
happening,0.002677558655020281,1
course happening,0.002677558655020281,0
mean real,0.002677558655020281,0
head harry,0.002677558655020281,0
inside head,0.002677558655020281,0
earth mean,0.002677558655020281,0
harry earth,0.002677558655020281,0
happening inside,0.002677558655020281,0
changed,0.0026467149890707837,1
process,0.0026467149890707837,1
changing,0.0026467149890707837,1
created,0.0026467149890707837,1
world created,0.0026467149890707837,0
changed without,0.0026467149890707837,0
thinking changed,0.0026467149890707837,0
without changing,0.0026467149890707837,0
process thinking,0.0026467149890707837,0
changing thinking,0.0026467149890707837,0
created process,0.0026467149890707837,0
sword,0.0026404456515944025,1
edge,0.0026404456515944025,1
whetstone,0.0026404456515944025,1
sword need,0.0026404456515944025,0
keep edge,0.0026404456515944025,0
need whetstone,0.0026404456515944025,0
book sword,0.0026404456515944025,0
whetstone keep,0.0026404456515944025,0
mind need,0.0026404456515944025,0
need book,0.0026404456515944025,0
crazy,0.002634108649656339,1
lead,0.002634108649656339,1
horrible,0.002634108649656339,1
truly horrible,0.002634108649656339,0
life must,0.002634108649656339,0
go crazy,0.002634108649656339,0
crazy truly,0.002634108649656339,0
people never,0.002634108649656339,0
horrible life,0.002634108649656339,0
must lead,0.002634108649656339,0
never go,0.002634108649656339,0
worth,0.0026232079189735,1
suffering,0.0026232079189735,1
hurt got,0.0026232079189735,0
everyone going,0.0026232079189735,0
got find,0.0026232079189735,0
worth suffering,0.0026232079189735,0
going hurt,0.0026232079189735,0
one worth,0.0026232079189735,0
truth everyone,0.0026232079189735,0
find one,0.0026232079189735,0
notion,0.0026029198107757326,1
nature,0.0026029198107757326,1
loving people,0.0026029198107757326,0
people half,0.0026029198107757326,0
really friend,0.0026029198107757326,0
friend notion,0.0026029198107757326,0
would really,0.0026029198107757326,0
nothing would,0.0026029198107757326,0
notion loving,0.0026029198107757326,0
half nature,0.0026029198107757326,0
say,0.0025983141944171256,2
putting,0.0025832303271169257,1
travel,0.0025832303271169257,1
shoe,0.0025832303271169257,1
truth putting,0.0025832303271169257,0
lie travel,0.0025832303271169257,0
world truth,0.0025832303271169257,0
way around,0.0025832303271169257,0
around world,0.0025832303271169257,0
putting shoe,0.0025832303271169257,0
half way,0.0025832303271169257,0
travel half,0.0025832303271169257,0
bag,0.0025770563893142756,1
water,0.0025770563893142756,1
hot,0.0025770563893142756,1
strong,0.0025770563893142756,1
bag never,0.0025770563893142756,0
woman like,0.0025770563893142756,0
never know,0.0025770563893142756,0
like tea,0.0025770563893142756,0
strong hot,0.0025770563893142756,0
tea bag,0.0025770563893142756,0
know strong,0.0025770563893142756,0
hot water,0.0025770563893142756,0
hand,0.0025728967038063507,2
intimate,0.0025728967038063507,2
god,0.0025470879838172746,1
painful,0.0025470879838172746,1
turn,0.0025470879838172746,1
necessarily,0.0025470879838172746,1
doubting,0.0025470879838172746,1
wondering,0.0025470879838172746,1
best turn,0.0025470879838172746,0
best wondering,0.0025470879838172746,0
god best,0.0025470879838172746,0
painful best,0.0025470879838172746,0
doubting god,0.0025470879838172746,0
necessarily doubting,0.0025470879838172746,0
wondering painful,0.0025470879838172746,0
intolerably,0.0025428078565566422,1
gentleman,0.0025428078565566422,1
pleasure,0.0025428078565566422,1
novel,0.0025428078565566422,1
intolerably stupid,0.0025428078565566422,0
lady pleasure,0.0025428078565566422,0
gentleman lady,0.0025428078565566422,0
pleasure good,0.0025428078565566422,0
person gentleman,0.0025428078565566422,0
must intolerably,0.0025428078565566422,0
novel must,0.0025428078565566422,0
good novel,0.0025428078565566422,0
jump,0.0025414599955545215,1
rapid,0.0025414599955545215,1
admiration,0.0025414599955545215,1
matrimony,0.0025414599955545215,1
moment,0.0025414599955545215,1
love matrimony,0.0025414599955545215,0
admiration love,0.0025414599955545215,0
lady imagination,0.0025414599955545215,0
rapid jump,0.0025414599955545215,0
jump admiration,0.0025414599955545215,0
matrimony moment,0.0025414599955545215,0
imagination rapid,0.0025414599955545215,0
bicycle,0.002535381258333859,1
moving,0.002535381258333859,1
balance,0.002535381258333859,1
riding,0.002535381258333859,1
bicycle keep,0.002535381258333859,0
must keep,0.002535381258333859,0
balance must,0.002535381258333859,0
life like,0.002535381258333859,0
keep moving,0.002535381258333859,0
like riding,0.002535381258333859,0
riding bicycle,0.002535381258333859,0
keep balance,0.002535381258333859,0
flower,0.0025333608143520503,1
forever,0.0025333608143520503,1
youi,0.0025333608143520503,1
garden,0.0025333608143520503,1
youi could,0.0025333608143520503,0
thought youi,0.0025333608143520503,0
walk garden,0.0025333608143520503,0
could walk,0.0025333608143520503,0
time thought,0.0025333608143520503,0
every time,0.0025333608143520503,0
garden forever,0.0025333608143520503,0
flower every,0.0025333608143520503,0
success,0.002521871204100782,1
rather,0.002521871204100782,1
value,0.002521871204100782,1
man value,0.002521871204100782,0
success rather,0.002521871204100782,0
rather become,0.002521871204100782,0
man success,0.002521871204100782,0
try become,0.002521871204100782,0
christianity,0.0025024851402204846,1
risen,0.0025024851402204846,1
sun,0.0025024851402204846,1
sun risen,0.0025024851402204846,0
everything else,0.0025024851402204846,0
risen see,0.0025024851402204846,0
see see,0.0025024851402204846,0
see everything,0.0025024851402204846,0
believe sun,0.0025024851402204846,0
believe christianity,0.0025024851402204846,0
christianity believe,0.0025024851402204846,0
brain,0.0025016399529483526,1
cell,0.0025016399529483526,1
wake,0.0025016399529483526,1
fantasy,0.0025016399529483526,1
ingredient,0.0025016399529483526,1
like nonsense,0.0025016399529483526,0
brain cell,0.0025016399529483526,0
cell fantasy,0.0025016399529483526,0
wake brain,0.0025016399529483526,0
nonsense wake,0.0025016399529483526,0
necessary ingredient,0.0025016399529483526,0
fantasy necessary,0.0025016399529483526,0
ingredient living,0.0025016399529483526,0
read book,0.0025007437098692738,0
else reading,0.0025007437098692738,0
else thinking,0.0025007437098692738,0
book everyone,0.0025007437098692738,0
think everyone,0.0025007437098692738,0
reading think,0.0025007437098692738,0
also,0.0024899864171893027,2
enemy,0.002455204459083974,1
bravery,0.002455204459083974,1
deal,0.002455204459083974,1
enemy much,0.002455204459083974,0
take great,0.002455204459083974,0
deal bravery,0.002455204459083974,0
stand friend,0.002455204459083974,0
stand enemy,0.002455204459083974,0
bravery stand,0.002455204459083974,0
much stand,0.002455204459083974,0
great deal,0.002455204459083974,0
difficult,0.002449275918784822,1
written,0.002449275918784822,1
grownup,0.002449275918784822,1
written book,0.002449275918784822,0
grownup write,0.002449275918784822,0
want written,0.002449275918784822,0
write book,0.002449275918784822,0
write child,0.002449275918784822,0
difficult grownup,0.002449275918784822,0
book difficult,0.002449275918784822,0
book want,0.002449275918784822,0
madness,0.0024050010379355526,1
imperfection,0.0024050010379355526,1
ridiculous,0.0024050010379355526,1
boring,0.0024050010379355526,1
madness genius,0.0024050010379355526,0
imperfection beauty,0.0024050010379355526,0
genius better,0.0024050010379355526,0
ridiculous absolutely,0.0024050010379355526,0
beauty madness,0.0024050010379355526,0
better absolutely,0.0024050010379355526,0
absolutely ridiculous,0.0024050010379355526,0
absolutely boring,0.0024050010379355526,0
wise,0.0024030667365360137,1
leaf,0.0024030667365360137,1
listens,0.0024030667365360137,1
leaf left,0.0024030667365360137,0
wise girl,0.0024030667365360137,0
believe leaf,0.0024030667365360137,0
listens doesnt,0.0024030667365360137,0
doesnt love,0.0024030667365360137,0
doesnt believe,0.0024030667365360137,0
love listens,0.0024030667365360137,0
girl kiss,0.0024030667365360137,0
kiss doesnt,0.0024030667365360137,0
dumbledore,0.0023895674468597133,1
therefore,0.0023895674468597133,1
terrible,0.0023895674468597133,1
sighed,0.0023895674468597133,1
caution,0.0023895674468597133,1
treated,0.0023895674468597133,1
terrible thing,0.0023895674468597133,0
dumbledore sighed,0.0023895674468597133,0
great caution,0.0023895674468597133,0
therefore treated,0.0023895674468597133,0
sighed beautiful,0.0023895674468597133,0
truth dumbledore,0.0023895674468597133,0
treated great,0.0023895674468597133,0
beautiful terrible,0.0023895674468597133,0
thing therefore,0.0023895674468597133,0
cup,0.0023824608463608467,1
suit,0.0023824608463608467,1
large,0.0023824608463608467,1
long enough,0.0023824608463608467,0
never get,0.0023824608463608467,0
book long,0.0023824608463608467,0
enough book,0.0023824608463608467,0
enough suit,0.0023824608463608467,0
get cup,0.0023824608463608467,0
cup tea,0.0023824608463608467,0
tea large,0.0023824608463608467,0
large enough,0.0023824608463608467,0
staring,0.0023618433504609252,1
space,0.0023618433504609252,1
thrill,0.0023618433504609252,1
kissing,0.0023618433504609252,1
forehead,0.0023618433504609252,1
kissing forehead,0.0023618433504609252,0
lover man,0.0023618433504609252,0
man thrill,0.0023618433504609252,0
thrill kissing,0.0023618433504609252,0
smiling eye,0.0023618433504609252,0
real lover,0.0023618433504609252,0
staring space,0.0023618433504609252,0
eye staring,0.0023618433504609252,0
forehead smiling,0.0023618433504609252,0
heart,0.002358648991350509,3
human,0.0023290284590305956,2
let live,0.0023115597613619287,0
time die,0.0023115597613619287,0
die let,0.0023115597613619287,0
got die,0.0023115597613619287,0
life way,0.0023115597613619287,0
one thats,0.0023115597613619287,0
way want,0.0023115597613619287,0
thats got,0.0023115597613619287,0
along,0.0022958855743923706,1
put,0.0022958855743923706,1
coming,0.0022958855743923706,1
insist,0.0022958855743923706,1
along trying,0.0022958855743923706,0
put thing,0.0022958855743923706,0
people insist,0.0022958855743923706,0
open mind,0.0022958855743923706,0
coming along,0.0022958855743923706,0
mind course,0.0022958855743923706,0
trouble open,0.0022958855743923706,0
trying put,0.0022958855743923706,0
course people,0.0022958855743923706,0
insist coming,0.0022958855743923706,0
though everything,0.0022919715340164676,0
miracle though,0.0022919715340164676,0
nothing miracle,0.0022919715340164676,0
one though,0.0022919715340164676,0
way live,0.0022919715340164676,0
though nothing,0.0022919715340164676,0
two way,0.0022919715340164676,0
everything miracle,0.0022919715340164676,0
reader,0.0022651681586376054,1
said,0.0022651681586376054,1
jojen,0.0022651681586376054,1
thousand,0.0022651681586376054,1
dy,0.0022651681586376054,1
said jojen,0.0022651681586376054,0
reader life,0.0022651681586376054,0
dy said,0.0022651681586376054,0
read life,0.0022651681586376054,0
thousand life,0.0022651681586376054,0
man never,0.0022651681586376054,0
life dy,0.0022651681586376054,0
never read,0.0022651681586376054,0
jojen man,0.0022651681586376054,0
life thousand,0.0022651681586376054,0
fully,0.0022643145533384024,1
follows,0.0022643145533384024,1
prepared,0.0022643145533384024,1
prepared die,0.0022643145533384024,0
fear death,0.0022643145533384024,0
fully prepared,0.0022643145533384024,0
life fully,0.0022643145533384024,0
life man,0.0022643145533384024,0
death follows,0.0022643145533384024,0
follows fear,0.0022643145533384024,0
fear life,0.0022643145533384024,0
man life,0.0022643145533384024,0
war,0.002248513229272563,1
end,0.002248513229272563,1
battle,0.002248513229272563,1
growing,0.002248513229272563,1
seem,0.002248513229272563,1
think love,0.002248513229272563,0
begin end,0.002248513229272563,0
seem think,0.002248513229272563,0
end way,0.002248513229272563,0
love war,0.002248513229272563,0
war love,0.002248513229272563,0
way seem,0.002248513229272563,0
battle love,0.002248513229272563,0
love battle,0.002248513229272563,0
love begin,0.002248513229272563,0
love growing,0.002248513229272563,0
oh,0.0022406240744220754,1
low,0.0022406240744220754,1
think try,0.0022406240744220754,0
low think,0.0022406240744220754,0
left think,0.0022406240744220754,0
high oh,0.0022406240744220754,0
think left,0.0022406240744220754,0
think high,0.0022406240744220754,0
think low,0.0022406240744220754,0
think right,0.0022406240744220754,0
think think,0.0022406240744220754,0
right think,0.0022406240744220754,0
oh think,0.0022406240744220754,0
angel,0.0022395306274603914,1
devil,0.0022395306274603914,1
sin,0.0022395306274603914,1
someone love,0.0022395306274603914,0
big world,0.0022395306274603914,0
small girl,0.0022395306274603914,0
angel sin,0.0022395306274603914,0
find someone,0.0022395306274603914,0
trying find,0.0022395306274603914,0
good angel,0.0022395306274603914,0
devil small,0.0022395306274603914,0
world trying,0.0022395306274603914,0
sin devil,0.0022395306274603914,0
girl big,0.0022395306274603914,0
dreamer,0.002126679101924995,1
join,0.002126679101924995,1
someday,0.002126679101924995,1
youll join,0.002126679101924995,0
say im,0.002126679101924995,0
dreamer im,0.002126679101924995,0
im dreamer,0.002126679101924995,0
hope someday,0.002126679101924995,0
may say,0.002126679101924995,0
join world,0.002126679101924995,0
world live,0.002126679101924995,0
live one,0.002126679101924995,0
someday youll,0.002126679101924995,0
one hope,0.002126679101924995,0
view,0.002120976382010677,1
skin,0.002120976382010677,1
climb,0.002120976382010677,1
consider,0.002120976382010677,1
view climb,0.002120976382010677,0
really understand,0.002120976382010677,0
point view,0.002120976382010677,0
skin walk,0.002120976382010677,0
understand person,0.002120976382010677,0
climb inside,0.002120976382010677,0
thing point,0.002120976382010677,0
never really,0.002120976382010677,0
person consider,0.002120976382010677,0
consider thing,0.002120976382010677,0
walk around,0.002120976382010677,0
inside skin,0.002120976382010677,0
want intelligent,0.002033805945747556,0
child intelligent,0.002033805945747556,0
want child,0.002033805945747556,0
tale want,0.002033805945747556,0
misinformed,0.002023329410847088,1
black,0.002023329410847088,1
give stupid,0.002023329410847088,0
beholder may,0.002023329410847088,0
eye beholder,0.002023329410847088,0
misinformed beholder,0.002023329410847088,0
beholder black,0.002023329410847088,0
beauty eye,0.002023329410847088,0
may necessary,0.002023329410847088,0
black eye,0.002023329410847088,0
time time,0.002023329410847088,0
stupid misinformed,0.002023329410847088,0
time give,0.002023329410847088,0
necessary time,0.002023329410847088,0
car,0.002008626304463441,1
church,0.002008626304463441,1
garage,0.002008626304463441,1
christian,0.002008626304463441,1
also think,0.002008626304463441,0
make christian,0.002008626304463441,0
sitting garage,0.002008626304463441,0
anyone think,0.002008626304463441,0
church make,0.002008626304463441,0
christian must,0.002008626304463441,0
must also,0.002008626304463441,0
garage make,0.002008626304463441,0
sitting church,0.002008626304463441,0
make car,0.002008626304463441,0
default,0.001987994885145812,1
lived,0.001987994885145812,1
unless,0.001987994885145812,1
failing,0.001987994885145812,1
impossible,0.001987994885145812,1
case,0.001987994885145812,1
cautiously,0.001987994885145812,1
without failing,0.001987994885145812,0
unless live,0.001987994885145812,0
live cautiously,0.001987994885145812,0
well lived,0.001987994885145812,0
lived case,0.001987994885145812,0
failing something,0.001987994885145812,0
something unless,0.001987994885145812,0
fail default,0.001987994885145812,0
impossible live,0.001987994885145812,0
might well,0.001987994885145812,0
case fail,0.001987994885145812,0
cautiously might,0.001987994885145812,0
musician,0.0019853538568255337,1
term,0.0019853538568255337,1
daydream,0.0019853538568255337,1
physicist,0.0019853538568255337,1
probably,0.0019853538568255337,1
music see,0.0019853538568255337,0
see life,0.0019853538568255337,0
music live,0.0019853538568255337,0
musician often,0.0019853538568255337,0
term music,0.0019853538568255337,0
often think,0.0019853538568255337,0
think music,0.0019853538568255337,0
life term,0.0019853538568255337,0
daydream music,0.0019853538568255337,0
would probably,0.0019853538568255337,0
probably musician,0.0019853538568255337,0
live daydream,0.0019853538568255337,0
physicist would,0.0019853538568255337,0
look,0.0019768573081214193,1
opened,0.0019768573081214193,1
closed,0.0019768573081214193,1
another,0.0019768573081214193,1
door see,0.0019768573081214193,0
door happiness,0.0019768573081214193,0
one door,0.0019768573081214193,0
one opened,0.0019768573081214193,0
open often,0.0019768573081214193,0
often look,0.0019768573081214193,0
happiness close,0.0019768573081214193,0
look long,0.0019768573081214193,0
long closed,0.0019768573081214193,0
closed door,0.0019768573081214193,0
close another,0.0019768573081214193,0
see one,0.0019768573081214193,0
another open,0.0019768573081214193,0
house,0.001972533456463154,1
excellent,0.001972533456463154,1
enjoyment,0.001972533456463154,1
sooner,0.001972533456463154,1
tire,0.001972533456463154,1
declare,0.001972533456463154,1
miserable,0.001972533456463154,1
thing book,0.001972533456463154,0
like reading,0.001972533456463154,0
tire thing,0.001972533456463154,0
sooner one,0.001972533456463154,0
enjoyment like,0.001972533456463154,0
house shall,0.001972533456463154,0
book house,0.001972533456463154,0
excellent library,0.001972533456463154,0
declare enjoyment,0.001972533456463154,0
one tire,0.001972533456463154,0
shall miserable,0.001972533456463154,0
reading much,0.001972533456463154,0
much sooner,0.001972533456463154,0
miserable excellent,0.001972533456463154,0
change,0.0018722772412255169,2
vulnerable,0.0018221564450293488,2
casket,0.0018221564450293488,2
broken,0.0018221564450293488,2
safe,0.0018221564450293488,2
love vulnerable,0.0018221564450293488,0
heard,0.0017294731981253569,1
behind,0.0017294731981253569,1
bought,0.0017294731981253569,1
ahead,0.0017294731981253569,1
bat,0.0017294731981253569,1
ready,0.0017294731981253569,1
come behind,0.0017294731981253569,0
kind come,0.0017294731981253569,0
ahead come,0.0017294731981253569,0
come ahead,0.0017294731981253569,0
im ready,0.0017294731981253569,0
heard trouble,0.0017294731981253569,0
behind ive,0.0017294731981253569,0
big bat,0.0017294731981253569,0
ready see,0.0017294731981253569,0
going trouble,0.0017294731981253569,0
trouble going,0.0017294731981253569,0
trouble one,0.0017294731981253569,0
one kind,0.0017294731981253569,0
bought big,0.0017294731981253569,0
see trouble,0.0017294731981253569,0
ive bought,0.0017294731981253569,0
bat im,0.0017294731981253569,0
art,0.0017153165013989603,1
ugliness,0.0017153165013989603,1
faith,0.0017153165013989603,1
heresy,0.0017153165013989603,1
opposite life,0.0017153165013989603,0
death indifference,0.0017153165013989603,0
opposite love,0.0017153165013989603,0
faith heresy,0.0017153165013989603,0
hate indifference,0.0017153165013989603,0
life death,0.0017153165013989603,0
opposite faith,0.0017153165013989603,0
art ugliness,0.0017153165013989603,0
love hate,0.0017153165013989603,0
heresy indifference,0.0017153165013989603,0
opposite art,0.0017153165013989603,0
ugliness indifference,0.0017153165013989603,0
wish,0.0016404840453897115,1
felt,0.0016404840453897115,1
terrific,0.0016404840453897115,1
wrote,0.0016404840453897115,1
knock,0.0016404840453897115,1
whenever,0.0016404840453897115,1
phone,0.0016404840453897115,1
author,0.0016404840453897115,1
call,0.0016404840453897115,1
knock book,0.0016404840453897115,0
felt like,0.0016404840453897115,0
much though,0.0016404840453897115,0
friend could,0.0016404840453897115,0
could call,0.0016404840453897115,0
book youre,0.0016404840453897115,0
terrific friend,0.0016404840453897115,0
reading wish,0.0016404840453897115,0
wish author,0.0016404840453897115,0
doesnt happen,0.0016404840453897115,0
really knock,0.0016404840453897115,0
wrote terrific,0.0016404840453897115,0
youre done,0.0016404840453897115,0
whenever felt,0.0016404840453897115,0
done reading,0.0016404840453897115,0
like doesnt,0.0016404840453897115,0
happen much,0.0016404840453897115,0
author wrote,0.0016404840453897115,0
call phone,0.0016404840453897115,0
phone whenever,0.0016404840453897115,0
perfect,0.0016324718109136157,2
shes,0.0016324718109136157,2
across,0.0016041304650754736,1
lord,0.0016041304650754736,1
diggory,0.0016041304650754736,1
brave,0.0016041304650754736,1
voldemort,0.0016041304650754736,1
strayed,0.0016041304650754736,1
happened,0.0016041304650754736,1
cedric,0.0016041304650754736,1
path,0.0016041304650754736,1
boy,0.0016041304650754736,1
easy,0.0016041304650754736,1
across path,0.0016041304650754736,0
lord voldemort,0.0016041304650754736,0
remember happened,0.0016041304650754736,0
good kind,0.0016041304650754736,0
remember cedric,0.0016041304650754736,0
make choice,0.0016041304650754736,0
remember time,0.0016041304650754736,0
right easy,0.0016041304650754736,0
brave strayed,0.0016041304650754736,0
boy good,0.0016041304650754736,0
easy remember,0.0016041304650754736,0
happened boy,0.0016041304650754736,0
time come,0.0016041304650754736,0
strayed across,0.0016041304650754736,0
choice right,0.0016041304650754736,0
voldemort remember,0.0016041304650754736,0
cedric diggory,0.0016041304650754736,0
kind brave,0.0016041304650754736,0
path lord,0.0016041304650754736,0
come make,0.0016041304650754736,0
dependence,0.0015739505614118599,1
dissatisfied,0.0015739505614118599,1
placed,0.0015739505614118599,1
belief,0.0015739505614118599,1
merit,0.0015739505614118599,1
confirms,0.0015739505614118599,1
fewer,0.0015739505614118599,1
still,0.0015739505614118599,1
appearance,0.0015739505614118599,1
inconsistency,0.0015739505614118599,1
character,0.0015739505614118599,1
sense,0.0015739505614118599,1
dependence placed,0.0015739505614118599,0
really love,0.0015739505614118599,0
day confirms,0.0015739505614118599,0
well see,0.0015739505614118599,0
world dissatisfied,0.0015739505614118599,0
dissatisfied every,0.0015739505614118599,0
love still,0.0015739505614118599,0
placed appearance,0.0015739505614118599,0
appearance merit,0.0015739505614118599,0
merit sense,0.0015739505614118599,0
human character,0.0015739505614118599,0
fewer think,0.0015739505614118599,0
people really,0.0015739505614118599,0
see world,0.0015739505614118599,0
confirms belief,0.0015739505614118599,0
still fewer,0.0015739505614118599,0
inconsistency human,0.0015739505614118599,0
think well,0.0015739505614118599,0
belief inconsistency,0.0015739505614118599,0
character little,0.0015739505614118599,0
little dependence,0.0015739505614118599,0
finish,0.0015555305088352394,1
doubt,0.0015555305088352394,1
encumbered,0.0015555305088352394,1
spirit,0.0015555305088352394,1
blunder,0.0015555305088352394,1
tomorrow,0.0015555305088352394,1
soon,0.0015555305088352394,1
crept,0.0015555305088352394,1
serenely,0.0015555305088352394,1
absurdity,0.0015555305088352394,1
new day,0.0015555305088352394,0
day shall,0.0015555305088352394,0
could blunder,0.0015555305088352394,0
old nonsense,0.0015555305088352394,0
high spirit,0.0015555305088352394,0
finish day,0.0015555305088352394,0
begin serenely,0.0015555305088352394,0
doubt crept,0.0015555305088352394,0
forget soon,0.0015555305088352394,0
blunder absurdity,0.0015555305088352394,0
spirit encumbered,0.0015555305088352394,0
tomorrow new,0.0015555305088352394,0
done done,0.0015555305088352394,0
done could,0.0015555305088352394,0
encumbered old,0.0015555305088352394,0
soon tomorrow,0.0015555305088352394,0
crept forget,0.0015555305088352394,0
day done,0.0015555305088352394,0
shall begin,0.0015555305088352394,0
serenely high,0.0015555305088352394,0
absurdity doubt,0.0015555305088352394,0
hold,0.0015315655571600836,2
break,0.0015315655571600836,2
part,0.0015315655571600836,2
smile,0.0015315655571600836,2
break heart,0.0015315655571600836,0
fall,0.0015195942404460437,1
knowing,0.0015195942404460437,1
asleep,0.0015195942404460437,1
upon,0.0015195942404460437,1
chest,0.0015195942404460437,1
pride,0.0015195942404460437,1
simply,0.0015195942404460437,1
fall asleep,0.0015195942404460437,0
knowing love,0.0015195942404460437,0
know way,0.0015195942404460437,0
without knowing,0.0015195942404460437,0
asleep eye,0.0015195942404460437,0
eye close,0.0015195942404460437,0
hand intimate,0.0015195942404460437,0
hand upon,0.0015195942404460437,0
intimate hand,0.0015195942404460437,0
upon chest,0.0015195942404460437,0
simply without,0.0015195942404460437,0
love without,0.0015195942404460437,0
problem pride,0.0015195942404460437,0
way loving,0.0015195942404460437,0
love way,0.0015195942404460437,0
love simply,0.0015195942404460437,0
chest hand,0.0015195942404460437,0
without problem,0.0015195942404460437,0
intimate fall,0.0015195942404460437,0
pride love,0.0015195942404460437,0
way know,0.0015195942404460437,0
loving intimate,0.0015195942404460437,0
drinking,0.001424473711782195,1
order,0.001424473711782195,1
bad,0.001424473711782195,1
poured,0.001424473711782195,1
attempt,0.001424473711782195,1
celebrate,0.001424473711782195,1
drinking thought,0.001424473711782195,0
thought poured,0.001424473711782195,0
something bad,0.001424473711782195,0
problem drinking,0.001424473711782195,0
good happens,0.001424473711782195,0
make something,0.001424473711782195,0
drink attempt,0.001424473711782195,0
drink something,0.001424473711782195,0
drink order,0.001424473711782195,0
drink make,0.001424473711782195,0
bad happens,0.001424473711782195,0
order celebrate,0.001424473711782195,0
celebrate nothing,0.001424473711782195,0
nothing happens,0.001424473711782195,0
forget something,0.001424473711782195,0
thats problem,0.001424473711782195,0
poured drink,0.001424473711782195,0
attempt forget,0.001424473711782195,0
something happen,0.001424473711782195,0
something good,0.001424473711782195,0
theyll,0.0011934930265006265,2
mess,0.0011934930265006265,2
come go,0.0011934930265006265,0
going mess,0.0011934930265006265,0
always always,0.0011934930265006265,0
never find,0.0011934930265006265,0
youll never,0.0011934930265006265,0
best friend,0.0011934930265006265,0
youre going,0.0011934930265006265,0
wrap,0.0010761949498251761,1
luxury,0.0010761949498251761,1
irredeemable,0.0010761949498251761,1
round,0.0010761949498251761,1
unbreakable,0.0010761949498251761,1
selfishness,0.0010761949498251761,1
animal,0.0010761949498251761,1
avoid,0.0010761949498251761,1
lock,0.0010761949498251761,1
dark,0.0010761949498251761,1
entanglement,0.0010761949498251761,1
even,0.0010761949498251761,1
coffin,0.0010761949498251761,1
motionless,0.0010761949498251761,1
possibly,0.0010761949498251761,1
impenetrable,0.0010761949498251761,1
intact,0.0010761949498251761,1
hobby,0.0010761949498251761,1
sure,0.0010761949498251761,1
keeping,0.0010761949498251761,1
wrung,0.0010761949498251761,1
airless,0.0010761949498251761,1
carefully,0.0010761949498251761,1
wrap carefully,0.0010761949498251761,0
even animal,0.0010761949498251761,0
entanglement lock,0.0010761949498251761,0
safe casket,0.0010761949498251761,0
round hobby,0.0010761949498251761,0
unbreakable impenetrable,0.0010761949498251761,0
become unbreakable,0.0010761949498251761,0
luxury avoid,0.0010761949498251761,0
irredeemable love,0.0010761949498251761,0
give one,0.0010761949498251761,0
casket safe,0.0010761949498251761,0
animal wrap,0.0010761949498251761,0
love anything,0.0010761949498251761,0
vulnerable love,0.0010761949498251761,0
lock safe,0.0010761949498251761,0
dark motionless,0.0010761949498251761,0
casket coffin,0.0010761949498251761,0
carefully round,0.0010761949498251761,0
safe dark,0.0010761949498251761,0
selfishness casket,0.0010761949498251761,0
little luxury,0.0010761949498251761,0
coffin selfishness,0.0010761949498251761,0
motionless airless,0.0010761949498251761,0
broken become,0.0010761949498251761,0
broken want,0.0010761949498251761,0
change broken,0.0010761949498251761,0
make sure,0.0010761949498251761,0
possibly broken,0.0010761949498251761,0
intact must,0.0010761949498251761,0
anything heart,0.0010761949498251761,0
must give,0.0010761949498251761,0
impenetrable irredeemable,0.0010761949498251761,0
heart wrung,0.0010761949498251761,0
hobby little,0.0010761949498251761,0
sure keeping,0.0010761949498251761,0
one even,0.0010761949498251761,0
wrung possibly,0.0010761949498251761,0
airless change,0.0010761949498251761,0
avoid entanglement,0.0010761949498251761,0
keeping intact,0.0010761949498251761,0
want make,0.0010761949498251761,0
happy,0.0009641641492582687,1
miss,0.0009641641492582687,1
first,0.0009641641492582687,1
onto,0.0009641641492582687,1
admit,0.0009641641492582687,1
mad,0.0009641641492582687,1
either,0.0009641641492582687,1
together,0.0009641641492582687,1
arent,0.0009641641492582687,1
expect,0.0009641641492582687,1
cause,0.0009641641492582687,1
analyze,0.0009641641492582687,1
twice,0.0009641641492582687,1
last loved,0.0009641641492582687,0
laugh cause,0.0009641641492582687,0
let know,0.0009641641492582687,0
else matter,0.0009641641492582687,0
every second,0.0009641641492582687,0
first last,0.0009641641492582687,0
miss shes,0.0009641641492582687,0
heart dont,0.0009641641492582687,0
human making,0.0009641641492582687,0
hurt dont,0.0009641641492582687,0
never perfect,0.0009641641492582687,0
hold onto,0.0009641641492582687,0
loved may,0.0009641641492582687,0
dont analyze,0.0009641641492582687,0
matter shes,0.0009641641492582687,0
making mistake,0.0009641641492582687,0
mad miss,0.0009641641492582687,0
make laugh,0.0009641641492582687,0
make mad,0.0009641641492582687,0
perfect together,0.0009641641492582687,0
either two,0.0009641641492582687,0
change dont,0.0009641641492582687,0
may love,0.0009641641492582687,0
may first,0.0009641641492582687,0
make happy,0.0009641641492582687,0
mistake hold,0.0009641641492582687,0
happy let,0.0009641641492582687,0
arent either,0.0009641641492582687,0
may never,0.0009641641492582687,0
may thinking,0.0009641641492582687,0
together make,0.0009641641492582687,0
thinking every,0.0009641641492582687,0
think twice,0.0009641641492582687,0
perfect arent,0.0009641641492582687,0
part know,0.0009641641492582687,0
onto give,0.0009641641492582687,0
love else,0.0009641641492582687,0
give smile,0.0009641641492582687,0
dont expect,0.0009641641492582687,0
dont change,0.0009641641492582687,0
second day,0.0009641641492582687,0
analyze dont,0.0009641641492582687,0
shes perfect,0.0009641641492582687,0
give part,0.0009641641492582687,0
expect give,0.0009641641492582687,0
know break,0.0009641641492582687,0
know make,0.0009641641492582687,0
admit human,0.0009641641492582687,0
cause think,0.0009641641492582687,0
give may,0.0009641641492582687,0
dont hurt,0.0009641641492582687,0
day give,0.0009641641492582687,0
twice admit,0.0009641641492582687,0
smile make,0.0009641641492582687,0
two may,0.0009641641492582687,0
whole,0.0007048962076090296,1
act,0.0007048962076090296,1
baby,0.0007048962076090296,1
sweetie,0.0007048962076090296,1
there,0.0007048962076090296,1
theyre,0.0007048962076090296,1
na,0.0007048962076090296,1
anyway,0.0007048962076090296,1
chin,0.0007048962076090296,1
importantly,0.0007048962076090296,1
sometimes,0.0007048962076090296,1
soulmate,0.0007048962076090296,1
pretty,0.0007048962076090296,1
stay,0.0007048962076090296,1
sister,0.0007048962076090296,1
gon,0.0007048962076090296,1
universal,0.0007048962076090296,1
decide,0.0007048962076090296,1
actually,0.0007048962076090296,1
whole go,0.0007048962076090296,0
cant give,0.0007048962076090296,0
world lover,0.0007048962076090296,0
baby hate,0.0007048962076090296,0
let go,0.0007048962076090296,0
youre gon,0.0007048962076090296,0
hold always,0.0007048962076090296,0
sweetie keep,0.0007048962076090296,0
theyre true,0.0007048962076090296,0
theyll act,0.0007048962076090296,0
theyll come,0.0007048962076090296,0
everything fail,0.0007048962076090296,0
there much,0.0007048962076090296,0
na fail,0.0007048962076090296,0
one stay,0.0007048962076090296,0
find soulmate,0.0007048962076090296,0
high keep,0.0007048962076090296,0
heart cant,0.0007048962076090296,0
also remember,0.0007048962076090296,0
friend dont,0.0007048962076090296,0
well theyll,0.0007048962076090296,0
anyway remember,0.0007048962076090296,0
mean youre,0.0007048962076090296,0
importantly keep,0.0007048962076090296,0
lover well,0.0007048962076090296,0
stay everything,0.0007048962076090296,0
part get,0.0007048962076090296,0
hate say,0.0007048962076090296,0
head high,0.0007048962076090296,0
mess girl,0.0007048962076090296,0
chin importantly,0.0007048962076090296,0
keep chin,0.0007048962076090296,0
half make,0.0007048962076090296,0
smiling life,0.0007048962076090296,0
sometimes universal,0.0007048962076090296,0
make best,0.0007048962076090296,0
true best,0.0007048962076090296,0
fail everything,0.0007048962076090296,0
truth good,0.0007048962076090296,0
friend world,0.0007048962076090296,0
friend theyll,0.0007048962076090296,0
soulmate youll,0.0007048962076090296,0
pretty much,0.0007048962076090296,0
matter youre,0.0007048962076090296,0
make whole,0.0007048962076090296,0
make matter,0.0007048962076090296,0
good part,0.0007048962076090296,0
much smile,0.0007048962076090296,0
much going,0.0007048962076090296,0
thing there,0.0007048962076090296,0
find half,0.0007048962076090296,0
mess sometimes,0.0007048962076090296,0
going break,0.0007048962076090296,0
gon na,0.0007048962076090296,0
say actually,0.0007048962076090296,0
universal truth,0.0007048962076090296,0
trying hold,0.0007048962076090296,0
get decide,0.0007048962076090296,0
remember come,0.0007048962076090296,0
remember sister,0.0007048962076090296,0
fail doesnt,0.0007048962076090296,0
dont sweetie,0.0007048962076090296,0
dont let,0.0007048962076090296,0
beautiful thing,0.0007048962076090296,0
always believe,0.0007048962076090296,0
doesnt mean,0.0007048962076090296,0
sister make,0.0007048962076090296,0
keep trying,0.0007048962076090296,0
believe dont,0.0007048962076090296,0
decide youre,0.0007048962076090296,0
keep smiling,0.0007048962076090296,0
keep head,0.0007048962076090296,0
go also,0.0007048962076090296,0
give youll,0.0007048962076090296,0
go everything,0.0007048962076090296,0
go baby,0.0007048962076090296,0
go one,0.0007048962076090296,0
life beautiful,0.0007048962076090296,0
life make,0.0007048962076090296,0
act like,0.0007048962076090296,0
like anyway,0.0007048962076090296,0
give give,0.0007048962076090296,0
girl friend,0.0007048962076090296,0
everything keep,0.0007048962076090296,0
everything theyre,0.0007048962076090296,0
actually pretty,0.0007048962076090296,0
